Description,Discount_Price,Price,Metal,Metal Color,Stones,Length,Hoop Size,"Height 3/8"" x Length",Diameter,Earring,Drop Length,Earring Size,Stud Size,Top Diameter,Diamater,Gemstones, Length,Earring size,Information,"75"" Pearl Size","5"" Pearl Size", Widest Part, Stone included,"25"" Diameter",Earring Diameter,Earring Length,Pearl Size, Lapis Size, Drop Length, Onyx Size,Flower Diameter,Height,Screw Backs. Earring Diameter,Jewelry_Type,Sex
"Effy Brasilica 14K Yellow Gold Emerald and Diamond Earrings, 4.62 TCW",5596.5,7995.0,14K Gold,Yellow,"Multi Shape Emerald 4.01, Round Diamond 0.61","1.5""",,,,,,,,,,,,,,,,,,,,,,,,,,,,Earrings,Women
"Effy Pave Classica 14K White Gold Diamond Hoop Earrings, 0.98 TCW",2796.5,3995.0,14K Gold,White,"Round Diamond 0.98,",,,,,,,,,,,,,,,,,,,,,,,,,,,,,Earrings,Women
"Effy Brasilica 14K White Gold Emerald and Diamond Drop Earrings, 4.04 TCW",6996.5,9995.0,14K Gold,Yellow,"Round Diamond 1.38, Pear Emerald 2.66,",,,,,,,,,,,,,,,,,,,,,,,,,,,,,Earrings,Women
"Effy Canare 14K Yellow Gold Yellow Diamond Hoop Earrings, 1.15 TCW",3955.0,5650.0,14K Gold,Yellow,Round Diamond 1.15,,"3/4""",,,,,,,,,,,,,,,,,,,,,,,,,,,Earrings,Women
"Effy Tanzanite Royale 14K Gold Tanzanite and Diamond Earrings, 2.90 TCW",2905.0,4150.0,14K Gold,White,"Multi Shape Tanzanite 2.6, Round Diamond 0.3","3/4""",,,,,,,,,,,,,,,,,,,,,,,,,,,,Earrings,Women
"Effy Signature 14K Yellow Gold Diamond Emerald Panther Earrings, 0.93 TCW",3356.5,4795.0,14K Gold,Yellow,"Round Diamond 0.91, Round Emerald 0.02,",,,,,,,,,,,,,,,,,,,,,,,,,,,,,Earrings,Women
"Effy Brasilica 14K White Gold Emerald and Diamond Earrings, 2.30 TCW",2936.5,4195.0,14K Gold,White,"Emerald Cut Emerald 1.9, Round Diamond 0.4","7/8""",,,,,,,,,,,,,,,,,,,,,,,,,,,,Earrings,Women
"Effy Brasilica 14K Yellow Gold Emerald Stud Earrings, 1.62 TCW",906.5,1295.0,14K Gold,Yellow,"Round Emerald 1.62,",,,,,,,,,,,,,,,,,,,,,,,,,,,,,Earrings,Women
"Effy Canare 18K Two Tone Gold Yellow and White Diamond Earrings, 0.36 TCW",1956.5,2795.0,18K Gold,Yellow and White,"Pear Yellow Diamond 0.26, Round Diamond 0.1","5/16""",,,,,,,,,,,,,,,,,,,,,,,,,,,,Earrings,Women
"Effy Canare 18K Two-Tone Gold Yellow and White Diamond Earrings, 0.51 TCW",2555.0,3650.0,18K Gold,Yellow and White,"Multi Shape Yellow Diamond 0.51,",,,,,,,,,,,,,,,,,,,,,,,,,,,,,Earrings,Women
"Effy Novelty 14K White Gold Sapphire & Diamond Evil Eye Earrings, 0.57 TCW",1645.0,2350.0,14K Gold,White,"Round Blue Sapphire 0.25, Round Diamond 0.32",,,"5/8""",,,,,,,,,,,,,,,,,,,,,,,,,,Earrings,Women
"Effy Signature 14K Rose Gold Diamond and Emerald Earrings, 1.57 TCW",4445.0,6350.0,14K Gold,Rose,"Round Diamond, Round Black Diamond , Round Emerald 0.1","1""",,,,,,,,,,,,,,,,,,,,,,,,,,,,Earrings,Women
"Effy Bella Bleu 14K Gold Blue and White  Diamond Stud Earrings, 0.71 TCW",2096.5,2995.0,14K Gold,White,"Round Blue Diamond 0.6, Round Diamond 0.11",,,,"1/4""",,,,,,,,,,,,,,,,,,,,,,,,,Earrings,Women
"Effy Pave Classica 14K White Gold Diamond 2"" Hoop Earrings, 2.65 TCW",,,14K Gold,White,"Round Diamond 2.65,",,,,,,,,,,,,,,,,,,,,,,,,,,,,,Earrings,Women
"Effy Signature 14K White Gold Blue Diamond Mini Panther Earrings, 0.55 TCW",2096.5,2995.0,14K Gold,White,Round Blue Diamond 0.55,"1/4""",,,,,,,,,,,,,,,,,,,,,,,,,,,,Earrings,Women
"Effy Splash Sterling Silver Pink Sapphire Circle Earrings, 3.60 TCW",665.0,950.0,Sterling Silver,N/A,Round Pink Sapphire 3.6,,,,"1/2""",,,,,,,,,,,,,,,,,,,,,,,,,Earrings,Women
"Effy Splash Sterling Silver Multi Color Sapphire Square Earrings, 3.75 TCW",836.5,1195.0,Sterling Silver,N/A,Round Multi Color 3.75,,,,,"1/2"" x 1/2""",,,,,,,,,,,,,,,,,,,,,,,,Earrings,Women
"Effy Pave Classica 14K White Gold Diamond Stud Earrings, 0.49 TCW",1956.5,2795.0,14K Gold,White,Round Diamond 0.49,,,,"1/4""",,,,,,,,,,,,,,,,,,,,,,,,,Earrings,Women
"Effy Bordeaux 14K Yellow Gold Garnet and Diamond Earrings, 6.04 TCW",1606.5,2295.0,14K Gold,Yellow,"Emerald Cut Garnet 5.85, Round Diamond 0.19","1""",,,,,,,,,,,,,,,,,,,,,,,,,,,,Earrings,Women
"Effy Watercolors 14K Yellow Gold Multi Sapphire 1"" Hoop Earrings, 6.18 TCW",3006.5,4295.0,14K Gold,Yellow,Oval Multi Sapphire 6.18,,"1""",,,,,,,,,,,,,,,,,,,,,,,,,,,Earrings,Women
"Effy Pave Classica 14K White Gold Diamond Drop Earrings, 2.74 TCW",7696.5,10995.0,14K Gold,White,"Round Diamond 2.74,",,,,,,,,,,,,,,,,,,,,,,,,,,,,,Earrings,Women
"Effy Royale Bleu 14K White Gold Sapphire and Diamond Earrings, 2.23 TCW",2647.5,5295.0,14K Gold,White,"Pear Blue Sapphire 1.42, Round Diamond 0.81","1/2""",,,,,,,,,,,,,,,,,,,,,,,,,,,,Earrings,Women
"Effy Nature 14K Rose Gold Ruby and Diamond Butterfly Earrings, 2.44 TCW",2306.5,3295.0,14K Gold,Rose,"Pear Ruby 2.2, Round Diamond 0.24","1/2""",,,,,,,,,,,,,,,,,,,,,,,,,,,,Earrings,Women
"Effy Tanzanite Royale 14K Gold Tanzanite and Diamond Earrings, 1.54 TCW",1676.5,2395.0,14K Gold,White,"Pear Tanzanite 1.14, Round Diamond 0.4","1/8""",,,,,,,,,,,,,,,,,,,,,,,,,,,,Earrings,Women
"Effy 14K Two Tone Gold Tanzanite and Diamond Earrings, 2.19 TCW",1950.0,3900.0,14K Gold,Rose and White,"Emerald Cut Tanzanite 1.71, Round Diamond 0.48","1/2""",,,,,,,,,,,,,,,,,,,,,,,,,,,,Earrings,Women
"Effy Tanzanite Royale Sterling Silver Tanzanite Stud Earrings, 1.52 TCW",367.5,525.0,Sterling Silver,N/A,Trillion Tanzanite 1.52,"1/4""",,,,,,,,,,,,,,,,,,,,,,,,,,,,Earrings,Women
"Effy Royale Bleu 14K Two Tone Gold Sapphire and Diamond Earrings, 0.93 TCW",1746.5,2495.0,14K Gold,Yellow and White,"Pear Blue Sapphire 0.57, Round Diamond 0.36","1""",,,,,,,,,,,,,,,,,,,,,,,,,,,,Earrings,Women
"Effy 14K White Gold Black and White Diamond Hoop Earrings, 0.45 TCW",1396.5,1995.0,14K Gold,White,"Baguette Black Diamond 0.28, Round Diamond 0.17","5/8""",,,,,,,,,,,,,,,,,,,,,,,,,,,,Earrings,Women
"Effy Classique 14K White Gold Diamond Drop Earrings, 0.72 TCW",3045.0,4350.0,14K Gold,White,Multi Shape Diamond 0.72,,,,,,"2""",,,,,,,,,,,,,,,,,,,,,,,Earrings,Women
"Effy Ruby Royale 14K Rose Gold Ruby and Diamond Earrings, 0.61 TCW",2656.5,3795.0,14K Gold,Rose,"Round Ruby 0.48, Round Diamond 0.13","3/4""",,,,,,,,,,,,,,,,,,,,,,,,,,,,Earrings,Women
"Effy Splash Silver Blue Sapphire 1"" Hoop Earrings, 3.97 TCW",696.5,995.0,Sterling Silver,N/A,"Round Blue Sapphire 3.97,",,,,,,,,,,,,,,,,,,,,,,,,,,,,,Earrings,Women
"Effy 14K Two Tone Gold Diamond Earrings, 0.41 TCW",1647.5,3295.0,14K Gold,Rose and White,Round Diamond 0.41,"5/8""",,,,,,,,,,,,,,,,,,,,,,,,,,,,Earrings,Women
"Effy Canare 14K Gold Yellow & White Diamond Huggie Hoop Earrings, 1.26 TCW",4616.5,6595.0,14K Gold,Yellow and White,"Round Yellow Diamond 1.01, Round Diamond 0.25","5/8""",,,,,,,,,,,,,,,,,,,,,,,,,,,,Earrings,Women
"Effy 14K Rose Gold Espresso and White Diamond Stud Earrings, 0.71 TCW",2236.5,3195.0,14K Gold,Rose,Round Diamond 0.92,,,,,,,"3/8""",,,,,,,,,,,,,,,,,,,,,,Earrings,Women
"Effy Signature 14K Yellow Gold Diamond Panther Stud Earrings, 0.37 TCW",1396.5,1995.0,14K Gold,Yellow,"Round Diamond 0.33, Round Tsavorite 0.04","1/4""",,,,,,,,,,,,,,,,,,,,,,,,,,,,Earrings,Women
"Effy Ruby Royale 14K Yellow Gold Ruby and Diamond Stud Earrings, 1.27 TCW",1155.0,1650.0,14K Gold,Yellow,"Round Ruby 1.14, Round Diamond 0.13",,,,,,,,"1/4""",,,,,,,,,,,,,,,,,,,,,Earrings,Women
Effy 925 Sterling Silver & 18K Yellow Gold Cultured Fresh Water Pearl Stud Earrings,332.5,475.0,Sterling Silver & 18K Gold,N/A,Round Pearl,,,,,,,,,"3/8""",,,,,,,,,,,,,,,,,,,,Earrings,Women
"Effy Tanzanite Royale 14K Rose Gold Tanzanite and Diamond Earrings, 2.22 TCW",2796.5,3995.0,14K Gold,Rose,"Emerald Cut Tanzanite 1.71, Round Diamond 0.51","1""",,,,,,,,,,,,,,,,,,,,,,,,,,,,Earrings,Women
"Effy Royale Bleu 14K White Gold Sapphire & Diamond Stud Earrings, 1.27 TCW",1155.0,1650.0,14K Gold,White,"Round Blue Sapphire 1.14, Round Diamond 0.13",,,,"1/4""",,,,,,,,,,,,,,,,,,,,,,,,,Earrings,Women
"Effy Ruby Royale 14K Two Tone Gold Ruby and Diamond Pear Shaped Drop Earrings, 0.87 TCW",1746.5,2495.0,14K Gold,Rose and White,"Pear Ruby 0.51, Round Diamond 0.36","1""",,,,,,,,,,,,,,,,,,,,,,,,,,,,Earrings,Women
"Effy Ruby Royale 14K Yellow Gold Ruby and Diamond Flower Earrings, 3.18 TCW",2345.0,3350.0,14K Gold,Yellow,"Pear Ruby 2.85, Round Diamond 0.33,",,,,,,,,,,,,,,,,,,,,,,,,,,,,,Earrings,Women
"Effy Bouquet 14K Yellow Gold Diamond Cluster Earrings, 0.93 TCW",2306.5,3295.0,14K Gold,Yellow,Round Diamond 0.93,,,,"1/4""",,,,,,,,,,,,,,,,,,,,,,,,,Earrings,Women
"Effy Bouquet 14K Rose Gold Diamond Cluster Earrings, 0.50 TCW",795.0,1600.0,14K Gold,Rose,Round Diamond 0.5,,,,"1/4""",,,,,,,,,,,,,,,,,,,,,,,,,Earrings,Women
"Effy Bouquet 14K Yellow Gold Diamond Cluster Earrings, 0.50 TCW",2306.5,3295.0,14K Gold,Yellow,Round Diamond 0.5,"3/4""",,,,,,,,,,,,,,,,,,,,,,,,,,,,Earrings,Women
"Effy Watercolors 14K White Gold Multi Gemstone & Diamond Earrings, 4.28 TCW",2870.0,4100.0,14K Gold,White,"Multi Shape Multi Sapphire 3.89, Round Diamond 0.39","1.25""",,,,,,,,,,,,,,,,,,,,,,,,,,,,Earrings,Women
"Effy Ruby Royale 14K White Gold Ruby and Diamond Earrings, 3.26 TCW",2306.5,3295.0,14K Gold,White,"Oval Ruby 2.85, Round Diamond 0.41","1/2""",,,,,,,,,,,,,,,,,,,,,,,,,,,,Earrings,Women
"Effy Brasilica 14K Yellow Gold Emerald and Diamond Stud Earrings, 1.08 TCW",1155.0,1650.0,14K Gold,Yellow,"Round Emerald 0.95, Round Diamond 0.13,",,,,,,,,,,,,,,,,,,,,,,,,,,,,,Earrings,Women
"Effy Brasilica 14K White Gold Emerald and Diamond Drop Earrings, 2.63 TCW",3916.5,5595.0,14K Gold,White,"Emerald Cut Emerald 1.9, Round Diamond 0.73","1.5""",,,,,,,,,,,,,,,,,,,,,,,,,,,,Earrings,Women
"Effy 14K Yellow Gold Turquoise and Diamond Drop Earrings, 5.78 TCW",1676.5,2395.0,14K Gold,Yellow,"Pear Turquoise 5.65, Round Diamond 0.13,",,,,,,,,,,,,,,,,,,,,,,,,,,,,,Earrings,Women
"Effy 14K Yellow Gold Diamond and Fresh Water Pearl Drop Earrings, 0.05 TCW",665.0,950.0,14K Gold,Yellow,"Round Diamond 0.05,",,,,,,,,,,,,,,,,,,,,,,,,,,,,,Earrings,Women
"Effy Ruby Royale 14K White Gold Ruby and Diamond Hoop Earrings, 1.19 TCW",1295.0,1495.0,14K Gold,White,"Round Ruby 0.8, Round Diamond 0.39,",,,,,,,,,,,,,,,,,,,,,,,,,,,,,Earrings,Women
"Effy Royale Bleu 14K Gold Sapphire and Diamond Hoop Earrings, 1.19 TCW",1295.0,2595.0,14K Gold,White,"Round Blue Sapphire 0.8, Round Diamond 0.39,",,,,,,,,,,,,,,,,,,,,,,,,,,,,,Earrings,Women
"Effy 14K White Gold Black and White Diamond Hoop Earrings, 1.57 TCW",3146.5,4495.0,14K Gold,White,"Multi Shape Diamond 1.57,",,,,,,,,,,,,,,,,,,,,,,,,,,,,,Earrings,Women
"Effy Pave Classica 14K White Gold Diamond Hoop Earrings, 0.48 TCW",1155.0,1650.0,14K Gold,White,"Round Diamond 0.48,",,,,,,,,,,,,,,,,,,,,,,,,,,,,,Earrings,Women
"Effy Pave Classica 14K White Gold Diamond Hoop Earrings, 0.49 TCW",1396.5,1995.0,14K Gold,White,"Round Diamond 0.49,",,,,,,,,,,,,,,,,,,,,,,,,,,,,,Earrings,Women
"Effy Canare 18K Two-Tone Yellow & White Diamond Drop Earrings, 1.06 TCW",4196.5,5995.0,18K Gold,Yellow and White,"Round Yellow Diamond 1.06,",,,,,,,,,,,,,,,,,,,,,,,,,,,,,Earrings,Women
"Effy Watercolors 14K White Gold Sapphire & Diamond Hoop Earrings, 2.13 TCW",2236.5,3195.0,14K Gold,White,"Square Multi Sapphire 1.9, Round Diamond 0.23","5/8""",,,,,,,,,,,,,,,,,,,,,,,,,,,,Earrings,Women
"Effy Ruby Royale 14K Rose Gold Ruby and Diamond Hoop Earrings, 0.55 TCW",,,14K Gold,Rose,"Round Ruby 0.31, Round Diamond 0.24","5/8""",,,,,,,,,,,,,,,,,,,,,,,,,,,,Earrings,Women
"Effy 14K White Gold Topaz and Diamond Earrings, 9.25 TCW",1365.0,1950.0,14K Gold,White,"Emerald Cut Blue Topaz 9.2, Round Diamond 0.05","1""",,,,,,,,,,,,,,,,,,,,,,,,,,,,Earrings,Women
"Effy 14K White Gold Multi Gemstone Earrings, 8.64 TCW",1645.0,2350.0,14K Gold,White,"Multi Shape Multi Color 8.55, Round Diamond 0.09","1.88""",,,,,,,,,,,,,,,,,,,,,,,,,,,,Earrings,Women
"Effy Aurora 14K Two Tone Gold Opal and Diamond Stud Earrings, 2.06 TCW",1715.0,2450.0,14K Gold,Yellow and White,"Oval Opal 1.9, Round Diamond 0.16","1/2""",,,,,,,,,,,,,,,,,,,,,,,,,,,,Earrings,Women
"Effy 14K Rose Gold Diamond Hoop Earrings, 3.92 TCW",11896.5,16995.0,14K Gold,Rose,Round Diamond 3.92,"7/8""",,,,,,,,,,,,,,,,,,,,,,,,,,,,Earrings,Women
"Effy 14K White Gold Black and White Diamond Earrings, 1.38 TCW",3247.5,6495.0,14K Gold,White,Round Diamond 1.38,"1.25""",,,,,,,,,,,,,,,,,,,,,,,,,,,,Earrings,Women
"Effy Royale Bleu 14K White Gold Sapphire & Diamond Stud Earrings, 2.28 TCW",3006.5,4295.0,14K Gold,White,"Round Blue Sapphire 2, Round Diamond 0.28,",,,,,,,,,,,,,,,,,,,,,,,,,,,,,Earrings,Women
"Effy Royale Bleu 14K White Gold Sapphire & Diamond Stud Earrings, 0.47 TCW",766.5,1095.0,14K Gold,White,"Round Blue Sapphire 0.38, Round Diamond 0.09,",,,,,,,,,,,,,,,,,,,,,,,,,,,,,Earrings,Women
"Effy Brasilica 14K White Gold Emerald and Diamond Stud Earrings, 0.39 TCW",766.5,1095.0,14K Gold,Yellow,"Round Emerald 0.3, Round Diamond 0.09,",,,,,,,,,,,,,,,,,,,,,,,,,,,,,Earrings,Women
"Effy Watercolors 14K Gold Multi Sapphire and Diamond Earrings, 2.58 TCW",1676.5,2395.0,14K Gold,Yellow,"Oval Multi Sapphire 2.51, Round Diamond 0.07","7/8""",,,,,,,,,,,,,,,,,,,,,,,,,,,,Earrings,Women
"Effy Canare 14K 2-Tone Gold Yellow and White Diamond Earrings, 0.61 TCW",2726.5,3895.0,14K Gold,Yellow and White,Round Diamond 0.61,,,,"3/8""",,,,,,,,,,,,,,,,,,,,,,,,,Earrings,Women
"Effy 14K Rose Gold Espresso and White Diamond Earrings, 0.73 TCW",2796.5,3995.0,14K Gold,Rose,Round Diamond 0.73,"5/8""",,,,,,,,,,,,,,,,,,,,,,,,,,,,Earrings,Women
"Effy Tanzanite Royale 14K Gold Tanzanite & Diamond Stud Earrings, 2.34 TCW",1536.5,2195.0,14K Gold,White,"Trillion Tanzanite 2.18, Round Diamond 0.16,",,,,,,,,,,,,,,,,,,,,,,,,,,,,,Earrings,Women
"Effy D'Oro 14K Yellow Gold Diamond Hoop Earrings, 0.94 TCW",3146.5,4495.0,14K Gold,Yellow,Multi Shape Diamond 0.94,"3/4""",,,,,,,,,,,,,,,,,,,,,,,,,,,,Earrings,Women
"Effy Duo 14K Two Tone Gold Diamond Earrings, 0.49 TCW",2306.5,3295.0,14K Gold,Yellow and White,"Round Diamond 0.49,",,,,,,,,,,,,,,,,,,,,,,,,,,,,,Earrings,Women
"Effy Pave Classica 14K White Gold Ear Jackets, 2.72 TCW",8352.5,16705.0,14K Gold,White,"Round Diamond 2.72,",,,,,,,,,,,,,,,,,,,,,,,,,,,,,Earrings,Women
"Effy 925 Sterling Silver Blue Topaz Earrings, 4.80 TCW",385.0,550.0,Sterling Silver,N/A,"Cushion Blue Topaz 4.8,",,,,,,,,,,,,,,,,,,,,,,,,,,,,,Earrings,Women
Effy 14K Yellow Gold Pearl Dangle Earrings,315.0,450.0,14K Gold,Yellow,Pearl,"2""",,,,,,,,,,,,,,,,,,,,,,,,,,,,Earrings,Women
"Effy Bouquet 14K Yellow Gold Diamond Cluster Stud Earrings, 0.50 TCW",795.0,1600.0,14K Gold,Yellow,"Round Diamond 0.5,",,,,,,,,,,,,,,,,,,,,,,,,,,,,,Earrings,Women
"Effy Seaside 14K White Gold Sapphire & Diamond Starfish Studs, 0.82 TCW",1295.0,1850.0,14K Gold,White,"Round Blue Sapphire 0.7, Round Diamond 0.12,",,,,,,,,,,,,,,,,,,,,,,,,,,,,,Earrings,Women
"Effy Aurora 14K Yellow Gold Opal Stud Earrings, 0.75 TCW",626.5,895.0,14K Gold,Yellow,"Round Opal 0.75,",,,,,,,,,,,,,,,,,,,,,,,,,,,,,Earrings,Women
"Effy Eclipse 14K Yellow Gold Onyx and Diamond Earrings, 22.46 TCW",2625.0,3750.0,14K Gold,Yellow,"Fantasy Cut Onyx 21.9, Round Diamond 0.56","1.68""",,,,,,,,,,,,,,,,,,,,,,,,,,,,Earrings,Women
"Effy Brasilica 14K Yellow Gold Emerald and Diamond Earrings, 2.95 TCW",3745.0,5350.0,14K Gold,Yellow,"Multi Shape Emerald 1.95, Round Diamond 1","1.13""",,,,,,,,,,,,,,,,,,,,,,,,,,,,Earrings,Women
"Effy Ruby Royale 14K Yellow Gold Ruby and Diamond Stud Earrings, 0.47 TCW",766.5,1095.0,14K Gold,Yellow,"Round Ruby 0.38, Round Diamond 0.09",,,,,,,,,,"1/4""",,,,,,,,,,,,,,,,,,,Earrings,Women
"Effy Ocean Bleu 14K White Gold Blue Topaz Stud Earrings, 1.10 TCW",486.5,695.0,14K Gold,White,Round Blue Topaz 1.1,,,,,,,,,,"1/4""",,,,,,,,,,,,,,,,,,,Earrings,Women
"Effy Watercolors 14K Yellow Gold Sapphire and Diamond Earrings, 7.56 CW",4196.5,5995.0,14K Gold,Yellow,"Multi Shape Multi Sapphire 7.12, Round Diamond 0.44","2""",,,,,,,,,,,,,,,,,,,,,,,,,,,,Earrings,Women
"Effy 14K White Gold Black and White Diamond Earrings, 0.79 TCW",2096.5,2995.0,14K Gold,White,Round Diamond 0.79,"3/4""",,,,,,,,,,,,,,,,,,,,,,,,,,,,Earrings,Women
"Effy Ruby Royale 14K Yellow Gold Ruby and Diamond Earrings, 6.95 TCW",4196.5,5995.0,14K Gold,Yellow,"Marquise Ruby 6.44, Round Diamond 0.51","1 3/8""",,,,,,,,,,,,,,,,,,,,,,,,,,,,Earrings,Women
"Effy Royale Bleu 14K White Gold Sapphire & Diamond Hoop Earrings, 1.03 TCW",1995.0,2850.0,14K Gold,White,"Round Blue Sapphire 0.76, Round Diamond 0.27","5/8""",,,,,,,,,,,,,,,,,,,,,,,,,,,,Earrings,Women
"Effy Watercolors 14K Gold Sapphire & Diamond Starfish Earrings, 0.76 TCW",795.0,1350.0,14K Gold,Yellow,"Round Multi Sapphire 0.66, Round Diamond 0.1,",,,,,,,,,,,,,,,,,,,,,,,,,,,,,Earrings,Women
"Effy 14K Rose Gold Tanzanite and Diamond Stud Earrings, 1.70 TCW",1746.5,2495.0,14K Gold,Rose,"Oval Tanzanite 1.33, Round Diamond 0.37","7/16""",,,,,,,,,,,,,,,,,,,,,,,,,,,,Earrings,Women
Effy 14K Yellow Gold Cultured Fresh Water Pearl Earrings,315.0,450.0,14K Gold,Yellow,Round Pearl,"1.50""",,,,,,,,,,,,,,,,,,,,,,,,,,,,Earrings,Women
"Effy Mosaic Sterling Silver & 18K Gold Multi Gemstone Earrings, 2.75 TCW",455.0,650.0,Sterling Silver & 18K Gold,Yellow,Multi Shape Multi Color 2.75,,,,,,,,,,,"Amethyst, Blue Topaz, Citrine, Garnet, Pink Tourmaline, Peridot","1""",,,,,,,,,,,,,,,,,Earrings,Women
"Effy Watercolors 14K White Gold Multi Sapphire & Diamond Earrings, 5.22 TCW",3916.5,5595.0,14K Gold,White,"Multi Shape Multi Sapphire 4.62, Round Diamond 0.6","1.25""",,,,,,,,,,,,,,,,,,,,,,,,,,,,Earrings,Women
"Effy Signature 14K Rose Gold Diamond and Tsavorite Stud Earrings, 0.49 TCW",1606.5,2295.0,14K Gold,Rose,"Round Diamond 0.45, Round Tsavorite 0.04",,,,,,,,,,,,,"3/8""x3/8""",,,,,,,,,,,,,,,,Earrings,Women
"Effy 14K White Gold Diamond Drop Earrings, 0.68 TCW",1747.5,3495.0,14K Gold,White,Round Diamond 0.68,"1""",,,,,,,,,,,,,,,,,,,,,,,,,,,,Earrings,Women
"Effy Aurora 14K Yellow Gold Opal and Diamond Stud Earrings, 0.92 TCW",836.5,1195.0,14K Gold,Yellow,"Round Opal 0.8, Round Diamond 0.12","5/16""",,,,,,,,,,,,,,,,,,,,,,,,,,,,Earrings,Women
"Effy Gemma 14K Two Tone Gold Tanzanite and Diamond Earrings, 1.03 TCW",1715.0,2450.0,14K Gold,Yellow and White,"Oval Tanzanite 0.86, Round Diamond 0.17","3/4""",,,,,,,,,,,,,,,,,,,,,,,,,,,,Earrings,Women
"Effy 14K Rose Gold Diamond Chandelier Earrings, 1.55 TCW",5497.5,10995.0,14K Gold,Rose,Round Diamond 1.55,"1.25""",,,,,,,,,,,,,,,,,,,,,,,,,,,,Earrings,Women
"Effy Gemma 14K Yellow Gold Tanzanite Stud Earrings, 0.91 TCW",556.5,795.0,14K Gold,Yellow,"Round Tanzanite 0.91,",,,,,,,,,,,,,,,,,,,,,,,,,,,,,Earrings,Women
Effy 14K Yellow Gold Cultured Fresh Water Pearl Earrings,416.5,595.0,14K Gold,Yellow,Round Pearl,"2.25""",,,,,,,,,,,,,,,,,,,,,,,,,,,,Earrings,Women
"Effy Bella Bleu 14K White Gold Blue and White Diamond Earrings, 1.54 TCW",3955.0,5650.0,14K Gold,White,Round Diamond 1.54,"1.5""",,,,,,,,,,,,,,,,,,,,,,,,,,,,Earrings,Women
"Effy Brasilica 14K Yellow Gold Emerald Earrings, 1.71 TCW",1470.0,2100.0,14K Gold,Yellow,Round Emerald 1.71,"3/4""",,,,,,,,,,,,,,,,,,,,,,,,,,,,Earrings,Women
"Effy Classique 14K White Gold Diamond Huggie Hoop Earrings, 0.94 TCW",3146.5,4495.0,14K Gold,White,Multi Shape Diamond 0.94,"3/4""",,,,,,,,,,,,,,,,,,,,,,,,,,,,Earrings,Women
"Effy Bella Bleu 14K Rose Gold Blue and White Diamond Earrings, 0.51 TCW",1816.5,2595.0,14K Gold,Rose,Round Diamond 0.51,"9/16""",,,,,,,,,,,,,,,,,,,,,,,,,,,,Earrings,Women
"Effy D'Oro 14K Yellow Gold Diamond V Maze Earrings, 1.03 TCW",2847.5,5695.0,14K Gold,Yellow,Round Diamond 1.03,"1.75""",,,,,,,,,,,,,,,,,,,,,,,,,,,,Earrings,Women
"Effy Pave Classica 14K White Gold Diamond Triangles Earrings, 0.59 TCW",1947.5,3895.0,14K Gold,White,Round Diamond 0.59,"1.5""",,,,,,,,,,,,,,,,,,,,,,,,,,,,Earrings,Women
"Effy 14K White Gold Black and White Diamond Earrings, 1.03 TCW",3706.5,5295.0,14K Gold,White,Round Diamond 1.03,"2.13""",,,,,,,,,,,,,,,,,,,,,,,,,,,,Earrings,Women
"Effy Classique 14K White Gold Diamond Stud Earrings, 0.48 TCW",2415.0,3450.0,14K Gold,White,Multi Shape Diamond 0.48,"5/16""",,,,,,,,,,,,,,,,,,,,,,,,,,,,Earrings,Women
"Effy Bouquet 14K White Gold Diamond Cluster Drop Earrings, 0.50 TCW",2306.5,3295.0,14K Gold,White,Round Diamond 0.5,"3/4""",,,,,,,,,,,,,,,,,,,,,,,,,,,,Earrings,Women
"Effy Duo 14K Yellow and White Gold Diamond Earrings, 0.31 TCW",1676.5,2395.0,14K Gold,Yellow and White,Round Diamond 0.31,"5/8""",,,,,,,,,,,,,,,,,,,,,,,,,,,,Earrings,Women
"Effy Brasilica 14K White Gold Emerald and Diamond Stud Earrings, 1.11 TCW",1676.5,2395.0,14K Gold,White,"Emerald Cut Emerald 0.95, Round Diamond 0.16","5/16""",,,,,,,,,,,,,,,,,,,,,,,,,,,,Earrings,Women
"Effy Royale Bleu 14K White Gold Blue Sapphire & Diamond Earrings, 5.21 TCW",3986.5,5695.0,14K Gold,White,"Multi Shape Blue Sapphire 4.84, Round Diamond 0.37","3/4""",,,,,,,,,,,,,,,,,,,,,,,,,,,,Earrings,Women
"Effy Gemma 14K White Gold Trillion Tanzanite and Diamond Earrings, 1.62 TCW",2656.5,3795.0,14K Gold,White,"Trillion Tanzanite 1.33, Round Diamond 0.29","1""",,,,,,,,,,,,,,,,,,,,,,,,,,,,Earrings,Women
"Effy 925 Sterling Silver & 18K Gold Accented Diamond Earrings, 0.22 TCW",805.0,1150.0,Sterling Silver & 18K Gold,Yellow,Round Diamond 0.22,"7/16""",,,,,,,,,,,,,,,,,,,,,,,,,,,,Earrings,Women
"Effy Bouquet 14K White Gold Diamond Cluster Stud Earrings, 0.93 TCW",2306.5,3295.0,14K Gold,White,Round Diamond 0.93,,,,"5/16""",,,,,,,,,,,,,,,,,,,,,,,,,Earrings,Women
"Effy D'Oro 14K Yellow Gold Diamond Earrings, 0.69 TCW",3010.0,4300.0,14K Gold,Yellow,Round Diamond 0.69,"3/4""",,,,,,,,,,,,,,,,,,,,,,,,,,,,Earrings,Women
"Effy D'Oro 14K Yellow Gold Diamond Earrings, 0.76 TCW",2306.5,3295.0,14K Gold,Yellow,Multi Shape Diamond 0.76,"1/2""",,,,,,,,,,,,,,,,,,,,,,,,,,,,Earrings,Women
"Effy Brasilica 14K Yellow Gold Emerald and Diamond Earrings, 2.88 TCW",3356.5,4795.0,14K Gold,Yellow,"Multi Shape Emerald 2.33, Round Diamond 0.55","1.13""",,,,,,,,,,,,,,,,,,,,,,,,,,,,Earrings,Women
"Effy Espresso 14K Rose Gold Cognac and White Earrings, 0.52 TCW",1886.5,2695.0,14K Gold,Rose,Round Diamond 0.52,"9/16""",,,,,,,,,,,,,,,,,,,,,,,,,,,,Earrings,Women
"Effy Gemma 14K White Gold Tanzanite and Diamond Earrings, 1.96 TCW",1956.5,2795.0,14K Gold,White,"Round Tanzanite 1.71, Round Diamond 0.25","3/8""",,,,,,,,,,,,,,,,,,,,,,,,,,,,Earrings,Women
"Effy Eclipse 14K Yellow Gold Onyx and Diamond Earrings, 11.67 TCW",1575.0,2250.0,14K Gold,Yellow,"Pear Onyx 11.29, Round Diamond 0.38","1.25""",,,,,,,,,,,,,,,,,,,,,,,,,,,,Earrings,Women
"Effy Classique 14K White Gold Diamond Earrings, 0.76 TCW",2306.5,3295.0,14K Gold,White,"Baguette Diamond 0.57, Round Diamond 0.19,",,,,,,,,,,,,,,,,,,,,,,,,,,,,,Earrings,Women
"Effy Bella Bleu 14K White Gold Blue and White Diamond Earrings, 0.58 TCW",2415.0,3450.0,14K Gold,White,Round Diamond 0.58,"1""",,,,,,,,,,,,,,,,,,,,,,,,,,,,Earrings,Women
"Effy Brasilica 14K Yellow Gold Emerald and Diamond Earrings, 2.51 TCW",2306.5,3295.0,14K Gold,Yellow,"Emerald Cut Emerald 1.9, Round Diamond 0.61","7/8""",,,,,,,,,,,,,,,,,,,,,,,,,,,,Earrings,Women
"Effy Seaside 14K Yellow Gold Diamond Starfish Earrings, 0.18 TCW",836.5,1195.0,14K Gold,Yellow,Round Diamond 0.18,,,,"1/2""",,,,,,,,,,,,,,,,,,,,,,,,,Earrings,Women
"Effy Duo 14K Yellow and White Gold Diamond Earrings, 1.63 TCW",5316.5,7595.0,14K Gold,Yellow and White,Round Diamond 1.63,"3.25""",,,,,,,,,,,,,,,,,,,,,,,,,,,,Earrings,Women
"Effy Watercolors 14K White Gold Multi Sapphire & Diamond Earrings, 4.47 TCW",2726.5,3895.0,14K Gold,White,"Multi Shape Multi Sapphire 4.12, Round Diamond 0.35","1""",,,,,,,,,,,,,,,,,,,,,,,,,,,,Earrings,Women
"Effy Gemma 14K White Gold Tanzanite and Diamond Earrings, 4.14 TCW",3395.0,4650.0,14K Gold,White,"Oval Tanzanite 3.8, Round Diamond 0.34","1""",,,,,,,,,,,,,,,,,,,,,,,,,,,,Earrings,Women
"Effy Bella Bleu 14K Rose Gold Blue and White Diamond Earrings, 1.30 TCW",3146.5,4495.0,14K Gold,Rose,Round Diamond 1.3,"5/8""",,,,,,,,,,,,,,,,,,,,,,,,,,,,Earrings,Women
"Effy Bouquet 14K White Gold Diamond Cluster Earrings, 0.84 TCW",3496.5,4995.0,14K Gold,White,Round Diamond 0.84,,,,"5/16""",,,,,,,,,,,,,,,,,,,,,,,,,Earrings,Women
"Effy Royale Bleu 14K White Gold Blue Sapphire & Diamond Earrings, 0.62 TCW",2205.0,3150.0,14K Gold,White,"Round Blue Sapphire 0.38, Round Diamond 0.24","3/4""",,,,,,,,,,,,,,,,,,,,,,,,,,,,Earrings,Women
"Effy Blush 14K Rose Gold Morganite and Diamond Earrings, 4.18 TCW",2096.5,2995.0,14K Gold,Rose,"Oval Morganite 3.8, Round Diamond 0.38","3/4""",,,,,,,,,,,,,,,,,,,,,,,,,,,,Earrings,Women
"Effy Signature 14K White Gold Emerald & Diamond Panther Earrings, 1.17 TCW",3575.0,7150.0,14K Gold,White,"Round Diamond 1.09, Round Emerald 0.08","7/8""",,,,,,,,,,,,,,,,,,,,,,,,,,,,Earrings,Women
"Effy Ruby Royale 14K Rose Gold Ruby and Diamond Earrings, 1.90 TCW",2625.0,3750.0,14K Gold,Rose,"Baguette Ruby 1.52, Round Diamond 0.38","9/16""",,,,,,,,,,,,,,,,,,,,,,,,,,,,Earrings,Women
"Effy Bouquet 14K White Gold Diamond Cluster Stud Earrings, 0.50 TCW",795.0,1600.0,14K Gold,White,Round Diamond 0.5,,,,"1/4""",,,,,,,,,,,,,,,,,,,,,,,,,Earrings,Women
"Effy Bella Bleu 14K White Gold Blue and White Diamond Earrings, 1.16 TCW",2097.5,4195.0,14K Gold,White,Round Diamond 1.16,"5/8""",,,,,,,,,,,,,,,,,,,,,,,,,,,,Earrings,Women
"Signature 14K Rose Gold Diamond and Tsavorite Garnet Earrings, 0.31 TCW",1700.0,3400.0,14K Gold,Rose,"Round Diamond 0.23, Round Tsavorite 0.08","5/8""",,,,,,,,,,,,,,,,,,,,,,,,,,,,Earrings,Women
Effy 925 Classic Sterling Silver and 18K Yellow Gold Earrings,486.5,695.0,Sterling Silver & 18K Gold,Yellow,,"3/4""",,,,,,,,,,,,,,,,,,,,,,,,,,,,Earrings,Women
"Effy 14K Rose Gold Black, Espresso and White Diamond Earrings",2726.5,3895.0,14K Gold,Rose,Round Diamond 0.69,"3/4""",,,,,,,,,,,,,,,,,,,,,,,,,,,,Earrings,Women
"Effy Signature 14K Rose Gold Diamond & Emerald Earrings, 0.65 TCW",1732.5,3465.0,14K Gold,Rose,"Round Diamond 0.6, Round Emerald 0.05","3/4""",,,,,,,,,,,,,,,,,,,,,,,,,,,,Earrings,Women
"Effy 925 Sterling Silver and 18K Yellow Gold Diamond Earrings, 0.12 TCW",595.0,850.0,Sterling Silver & 18K Gold,Yellow,Round Diamond 0.12,"3/4""",,,,,,,,,,,,,,,,,,,,,,,,,,,,Earrings,Women
"Effy Watercolors 14K Yellow Gold Multi Sapphire & Diamond Earrings, 5.13 TCW",3846.5,5495.0,14K Gold,Yellow,"Multi Shape Multi Sapphire 4.18, Round Diamond 0.95","1.38""",,,,,,,,,,,,,,,,,,,,,,,,,,,,Earrings,Women
Espresso 14K Rose Gold Cognac & White Diamond Earrings,6997.5,13995.0,14K Gold,Rose,"Round Diamond 4.88,",,,,,,,,,,,,,,,,,,,,,,,,,,,,,Earrings,Women
"Effy Nature 14K Yellow Gold Cognac & White Diamond Butterfly Earrings, 0.57 TCW",1746.5,2495.0,14K Gold,Yellow,"Round Diamond 0.57,",,,,,,,,,,,,,,,,,,,,,,,,,,,,,Earrings,Women
"Effy Gemma 14K Yellow Gold Ruby and Diamond Huggie Earrings, 1.76 TCW",1816.5,2595.0,14K Gold,Yellow,"Square Ruby 1.6, Round Diamond 0.16","5/8""",,,,,,,,,,,,,,,,,,,,,,,,,,,,Earrings,Women
"Effy Brasilica 14K White Gold Emerald and Diamond Earrings, 3.34 TCW",5997.5,11995.0,14K Gold,White,"Rectangle Emerald 1.9, Round Diamond 1.44","2.5""",,,,,,,,,,,,,,,,,,,,,,,,,,,,Earrings,Women
"Effy Espresso 14K Rose Gold Cognac and White Diamond Earrings, .64 TCW",2026.5,2895.0,14K Gold,Rose,"Round Cognac Diamond, Round Diamond ","1""",,,,,,,,,,,,,,,,,,,,,,,,,,,,Earrings,Women
Effy Watercolors 14K Yellow Gold Multi Sapphire and Diamond Earrings,3426.5,4895.0,14K Gold,Yellow,"Multi Shape Multi Sapphire 5.21, Round Diamond 0.44","1.25""",,,,,,,,,,,,,,,,,,,,,,,,,,,,Earrings,Women
"Effy Bella Bleu 14K Rose Gold Blue and White Diamond Earrings, 0.58 TCW",2415.0,3450.0,14K Gold,Rose,"Round Blue Diamond, Round Diamond ","1""",,,,,,,,,,,,,,,,,,,,,,,,,,,,Earrings,Women
"Effy Signature 14K Rose Gold Diamond and Emerald Earrings, 0.81 TCW",3356.5,4795.0,14K Gold,Rose,"Round Diamond 0.79, Round Emerald 0.02","1""",,,,,,,,,,,,,,,,,,,,,,,,,,,,Earrings,Women
"Effy Watercolors 14K Gold Multi Sapphire & Diamond Starfish Earrings, 3.00 TCW",1995.0,3450.0,14K Gold,Yellow,"Multi Shape Multi Sapphire 2.49, Round Diamond 0.51","1.13""",,,,,,,,,,,,,,,,,,,,,,,,,,,,Earrings,Women
"Effy Watercolors 14K Yellow Gold Multi Sapphire & Diamond Earrings, 1.76 TCW",1610.0,2300.0,14K Gold,Yellow,"Square Multi Sapphire 1.6, Round Diamond 0.16","5/8""",,,,,,,,,,,,,,,,,,,,,,,,,,,,Earrings,Women
"Effy 925 Sterling Silver Multi Sapphire Splash Starfish Earrings, 2.35 TCW",525.0,750.0,Sterling Silver,N/A,"Round Multi Sapphire 2.35,",,,,,,,,,,,,,,,,,,,,,,,,,,,,,Earrings,Women
"Effy Canare 14K Two-Tone Gold White & Yellow Diamond Earrings, 2.07 TCW",6716.5,9595.0,14K Gold,Yellow and White,"Round Yellow Diamond 1.4, Round Diamond 0.67,",,,,,,,,,,,,,,,,,,,,,,,,,,,,,Earrings,Women
"Effy Signature 14K White Gold Diamond and Emerald Earrings, 0.89 TCW",3356.5,4795.0,14K Gold,White,"Round Diamond, Round Black Diamond , Round Emerald 0.07,",,,,,,,,,,,,,,,,,,,,,,,,,,,,,Earrings,Women
Effy 925 Sterling Silver & 18K Gold Cultured Pearl Earrings,332.5,475.0,Sterling Silver,N/A,,,,,,,,,,,,,,,,,,,,,,,,,,,,,,Earrings,Women
"Effy Espresso 14K Rose Gold Cognac & White Diamond Leaf Earrings, 1.05 TCW",3006.5,4295.0,14K Gold,Rose,"Round Cognac Diamond, Round Diamond ","1.5""",,,,,,,,,,,,,,,,,,,,,,,,,,,,Earrings,Women
"Effy Espresso 14K Rose Gold Cognac & White Diamond Earrings, 1.3 TCW",3146.5,4495.0,14K Gold,Rose,"Round Cognac Diamond, Round Diamond ","1.2""",,,,,,,,,,,,,,,,,,,,,,,,,,,,Earrings,Women
"Effy Pave Classica 14K Rose Gold Diamond Earrings, 0.38 TCW",1295.0,1850.0,14K Gold,Rose,Round Diamond 0.38,,,,"5/16""",,,,,,,,,,,,,,,,,,,,,,,,,Earrings,Women
Effy 14K Yellow Gold Fresh Water Cultured Pearl Earrings,175.0,250.0,14K Gold,Yellow,"Pearl,",,,,,,,,,,,,,,,,,,,,,,,,,,,,,Earrings,Women
"Effy 925 Sterling Silver Pink Sapphire Splash Stud Earrings, 2.45 TCW",437.5,625.0,Sterling Silver,N/A,Round Pink Sapphire 2.45,,,,"Approx 5/16""",,,,,,,,,,,,,,,,,,,,,,,,,Earrings,Women
"Effy 925 Sterling Silver Pink Sapphire Splash Small Hoop Earrings, 1.80 TCW",295.0,,Sterling Silver,N/A,Round Pink Sapphire 1.8,,,,"5/8""",,,,,,,,,,,,,,,,,,,,,,,,,Earrings,Women
"Effy 14K White Gold Black and White Diamond Earrings, 1.30 TCW",3076.5,4395.0,14K Gold,White,"Round Black Diamond, Round Diamond ","5/8""",,,,,,,,,,,,,,,,,,,,,,,,,,,,Earrings,Women
"Effy Seaside Sterling Silver Blue Sapphire Starfish Earrings, 2.40 TCW",525.0,750.0,Sterling Silver,N/A,"Round Blue Sapphire 2.4,",,,,,,,,,,,,,,,,,,,,,,,,,,,,,Earrings,Women
"Effy 925 Splash Ruby & Pink Sapphire Starfish Earrings, 2.35 TCW",525.0,750.0,Sterling Silver,N/A,"Round Ruby 2.24, Round Pink Sapphire ,",,,,,,,,,,,,,,,,,,,,,,,,,,,,,Earrings,Women
"Effy 14K White Gold Black and White Diamond Earrings, 0.92 TCW",1956.5,2795.0,14K Gold,White,"Round Diamond 0.92, Round Black Diamond ,",,,,,,,,,,,,,,,,,,,,,,,,,,,,,Earrings,Women
"Effy Signature 14K Rose Gold Diamond and Emerald Earrings, 0.80 TCW",3916.5,5595.0,14K Gold,Rose,"Round Diamond 0.74, Round Emerald 0.06, Round Black Diamond ","1.5""",,,,,,,,,,,,,,,,,,,,,,,,,,,,Earrings,Women
"Effy Watercolors 14K Yellow Gold Multi Sapphire & Diamond Earrings, 5.08 TCW",2397.5,4795.0,14K Gold,Yellow,"Round Diamond 0.49, Multi Shape Multi Sapphire 4.59,",,,,,,,,,,,,,,,,,,,,,,,,,,,,,Earrings,Women
"Effy Splash Sterling Silver Multi Color Sapphire Ball Earrings, 2.20 TCW",385.0,550.0,Sterling Silver,N/A,"Round Multi Sapphire 2.2,",,,,,,,,,,,,,,,,,,,,,,,,,,,,,Earrings,Women
"Effy 14K White Gold Black and White Diamond Flower Earrings, 2.68 TCW",7497.5,14995.0,14K Gold,White,"Round Diamond 2.68, Round Black Diamond ,",,,,,,,,,,,,,,,,,,,,,,,,,,,,,Earrings,Women
"Effy Brasilica 14K Yellow Gold Emerald and Diamond Earrings, 1.78 TCW",2236.5,3195.0,14K Gold,Yellow,"Oval Emerald 1.52, Round Diamond 0.26","1""",,,,,,,,,,,,,,,,,,,,,,,,,,,,Earrings,Women
"Gemma Royalty Sapphire and Diamond Earrings, 3.54 TCW",3006.5,4295.0,14K Gold,White,"Oval Blue Sapphire 2.85, Round Diamond 0.69,",,,,,,,,,,,,,,,,,,,,,,,,,,,,,Earrings,Women
"Effy Gemma 14K White Gold Blue Sapphire Stud Earrings, 1.14 TCW",455.0,650.0,14K Gold,White,"Round Blue Sapphire,",,,,,,,,,,,,,,,,,,,,,,,,,,,,,Earrings,Women
"Effy 14K White Gold Black and White Diamond Earrings, 1.35 TCW",2497.5,4995.0,14K Gold,White,Round Diamond 1.35,"1.25""",,,,,,,,,,,,,,,,,,,,,,,,,,,,Earrings,Women
"Effy 14K White Gold Black and White Diamond Earrings, 1.05 TCW",2796.5,3995.0,14K Gold,White,"Round Diamond 1.05, Round Black Diamond ,",,,,,,,,,,,,,,,,,,,,,,,,,,,,,Earrings,Women
"Effy Signature 14K Rose Gold Diamond and Emerald Earrings, 0.89 TCW",3356.5,4795.0,14K Gold,Rose,"Round Diamond 0.82, Round Black Diamond , Round Emerald 0.07,",,,,,,,,,,,,,,,,,,,,,,,,,,,,,Earrings,Women
"Effy Royale Bleu 14K White Gold Sapphire Stud Earrings, 2.00 TCW",906.5,1295.0,14K Gold,White,"Round Blue Sapphire 2,",,,,,,,,,,,,,,,,,,,,,,,,,,,,,Earrings,Women
"Effy Trio 14K Tri Color Diamond Earrings, .52 TCW",2726.5,3895.0,14K Gold,Three Tone,"Round Diamond 0.52,",,,,,,,,,,,,,,,,,,,,,,,,,,,,,Earrings,Women
"Effy 14K White Gold Black and White Diamond Earrings, .71 TCW",2796.5,3995.0,14K Gold,White,"Round Black Diamond, Round Diamond ,",,,,,,,,,,,,,,,,,,,,,,,,,,,,,Earrings,Women
"Effy Espresso 14K Rose Gold Cognac and White Diamond Earrings, .71 TCW",2446.5,3495.0,14K Gold,Rose,"Round Cognac Diamond, Round Diamond ,",,,,,,,,,,,,,,,,,,,,,,,,,,,,,Earrings,Women
"Effy Gemma 14K Rose Gold Natural Ruby and Diamond Earrings, 3.21 TCW",4896.5,6995.0,14K Gold,Rose,"Multi Shape Ruby 2.2, Round Diamond 1.01,",,,,,,,,,,,,,,,,,,,,,,,,,,,,,Earrings,Women
"Effy D'Oro 14K Yellow Gold Diamond Maze Earrings, 1.35 TCW",3496.5,4995.0,14K Gold,Yellow,"Diamond 1.35,",,,,,,,,,,,,,,,,,,,,,,,,,,,,,Earrings,Women
"Effy Bella Bleu 14K White Gold Blue and White Diamond Earrings, 1.30 TCW",3146.5,4495.0,14K Gold,White,"Diamond 1.3,",,,,,,,,,,,,,,,,,,,,,,,,,,,,,Earrings,Women
"Effy Watercolors 14K Yellow Gold Multi Sapphire & Diamond Earrings, 3.98 TCW",2695.0,3850.0,14K Gold,Yellow,"Round Diamond 0.28, Multi Shape Multi Sapphire 3.7,",,,,,,,,,,,,,,,,,,,,,,,,,,,,,Earrings,Women
"Effy Espresso 14K Yellow Gold Cognac and White Diamond Earrings, .92 TCW",1525.0,3050.0,14K Gold,Yellow,"Round Diamond,",,,,,,,,,,,,,,,,,,,,,,,,,,,,,Earrings,Women
"Effy Watercolors 14K White Gold Sapphire & Diamond Earrings, 1.76 TCW",1610.0,2300.0,14K Gold,White,"Round Diamond 0.16, Princess Sapphire 1.6","1/2""",,,,,,,,,,,,,,,,,,,,,,,,,,,,Earrings,Women
"Effy 14K Yellow Gold Diamond Flower Earrings, 1.38 TCW",4170.0,8340.0,14K Gold,Yellow,"Diamond 1.38,",,,,,,,,,,,,,,,,,,,,,,,,,,,,,Earrings,Women
"Gemma Royalty Sapphire and Diamond Earrings, 0.89 TCW",1046.5,1495.0,14K Gold,White,"Round Diamond 0.24, Round Sapphire 0.65,",,,,,,,,,,,,,,,,,,,,,,,,,,,,,Earrings,Women
"Effy Gemma 14K Yellow Gold Ruby and Diamond Stud Earrings, 0.89 TCW",1046.5,1495.0,14K Gold,Yellow,"Round Ruby 0.65, Round Diamond 0.24,",,,,,,,,,,,,,,,,,,,,,,,,,,,,,Earrings,Women
Effy 925 Splash Sapphire Heart Earrings,525.0,750.0,Sterling Silver,N/A,"Sapphire 2.15,",,,,,,,,,,,,,,,,,,,,,,,,,,,,,Earrings,Women
"Effy 925 Sterling Silver Blue and White Sapphire Splash Earrings, 2.24 TCW",556.5,795.0,Sterling Silver,N/A,"Sapphire 2.24,",,,,,,,,,,,,,,,,,,,,,,,,,,,,,Earrings,Women
"Effy 925 Sterling Silver Multi Sapphire Splash Huggie Hoop Earrings, 2.29 TCW",556.5,795.0,Sterling Silver,N/A,"Round Sapphire 2.29,",,,,,,,,,,,,,,,,,,,,,,,,,,,,,Earrings,Women
"Effy 925 Sterling Silver & 18K Gold Multi Gemstone Earrings, 1.28 TCW",346.5,495.0,Sterling Silver & 18K Gold,Yellow,"Multi Color 1.28,",,,,,,,,,,,,,,,,,,,,,,,,,,,,,Earrings,Women
"Effy 14K Tri-Color Gold Diamond Flower Earrings, 1.87 TCW",5075.0,7250.0,14K Gold,Three Tone,"Round Diamond 1.87,",,,,,,,,,,,,,,,,,,,,,,,,,,,,,Earrings,Women
"Effy Watercolors 14K Yellow Gold Sapphire & Diamond Earrings, 3.01 TCW",2450.0,3500.0,14K Gold,Yellow,"Round Diamond 0.24, Multi Shape Multi Color 2.77,",,,,,,,,,,,,,,,,,,,,,,,,,,,,,Earrings,Women
"Effy Watercolors 14K White Gold Multi Sapphire & Diamond Earrings, 3.01 TCW",2450.0,3500.0,14K Gold,White,"Round Diamond 0.24, Multi Shape Multi Sapphire 2.77,",,,,,,,,,,,,,,,,,,,,,,,,,,,,,Earrings,Women
"Effy Seaside 14K White Gold Sapphire & Diamond Starfish Earrings, 2.97 TCW",2516.5,3595.0,14K Gold,White,"Round Diamond 0.24, Multi Shape Sapphire 2.73,",,,,,,,,,,,,,,,,,,,,,,,,,,,,,Earrings,Women
"Effy D'Oro 14K Yellow Gold Diamond Filigree Earrings, 0.21 TCW",2096.5,2995.0,14K Gold,Yellow,"Diamond 0.21,",,,,,,,,,,,,,,,,,,,,,,,,,,,,,Earrings,Women
"Effy Ocean Bleu 14K Yellow Gold Blue Topaz and Diamond Earrings, 25.54 TCW",2275.0,3250.0,14K Gold,Yellow,"Oval Blue Topaz 25.45, Round Diamond 0.09,",,,,,,,,,,,,,,,,,,,,,,,,,,,,,Earrings,Women
"Effy 14K Yellow Gold Cultured Fresh Water Pearl & Diamond Fringe Earrings, 0.12 TCW",805.0,1150.0,14K Gold,Yellow,"Round Pearl, Round Diamond 0.12",2,,,,,,,,,,,,,,5mm,,,,,,,,,,,,,,Earrings,Women
"Effy 14K Yellow Gold Cultured Fresh Water Pearl and Diamond Earrings, 0.34 TCW",1295.0,1850.0,14K Gold,Yellow,"Round Pearl, Round Diamond 0.34",1,,,,,,,,,,,,,,,5mm,,,,,,,,,,,,,Earrings,Women
"Effy Royale Bleu 14K Gold Sapphire and Diamond Hoop Earrings, 1.76 TCW",1925.0,2750.0,14K Gold,White,"Round Diamond 0.16, Princess Sapphire 1.6,",,,,,,,,,,,,,,,,,,,,,,,,,,,,,Earrings,Women
"Effy 14K Rose Gold Espresso, Black and White Diamond Earrings, 1.60 TCW",3497.5,6995.0,14K Gold,Rose,Round Diamond 1.6,"1.25""",,,,,,,,,,,,,,,,,,,,,,,,,,,,Earrings,Women
"Effy 14K Rose Gold Espresso and White Diamond Earrings, 1.16 TCW",2247.5,4495.0,14K Gold,Rose,"Round Cognac Diamond 0.97, Round Diamond 0.19",,,,"3/8""",,,,,,,,,,,,,,,,,,,,,,,,,Earrings,Women
"Effy 14K White Gold Black and White Diamond Hoop Earrings, 2.04 TCW",4497.5,8995.0,14K Gold,White,"Round Black Diamond 2.4, Round Diamond 1.64,1"" Hoop",,,,,,,,,,,,,,,,,,,,,,,,,,,,,Earrings,Women
"Effy Eclipse 14K Yellow Gold Onyx and Diamond Earrings, 6.38 TCW",1116.5,1595.0,14K Gold,Yellow,"Marquise Onyx 6.1, Round Black Diamond 0.28","1""",,,,,,,,,,,,,,,,,,,,,,,,,,,,Earrings,Women
"Effy Aurora 14K Yellow Gold Opal and Diamond Earrings, 1.73 TCW",1575.0,2250.0,14K Gold,Yellow,"Oval Opal 1.4, Round Diamond 0.33","1/2""",,,,,,,,,,,,,,,,,,,,,,,,,,,,Earrings,Women
"Effy Eclipse 14K Yellow Gold Onyx and Diamond Earring, 8.83 TCW",1295.0,1850.0,14K Gold,Yellow,"Oval Onyx 8.7, Round Diamond 0.13","1/2""",,,,,,,,,,,,,,,,,,,,,,,,,,,,Earrings,Women
Effy Espresso 14K Yellow Gold Cognac and White Diamond Earrings,3302.5,6605.0,14K Gold,Yellow,"Round Diamond 0.7, Round Cognac Diamond 0.75","1.75""",,,,,,,,,,,,,,,,,,,,,,,,,,,,Earrings,Women
"Effy 14K Yellow Gold Espresso, Black and White Diamond Earrings, 1.26 TCW",3496.5,4995.0,14K Gold,Yellow,Round Diamond 1.26,"1.5""",,,,,,,,,,,,,,,,,,,,,,,,,,,,Earrings,Women
"Effy Seaside 14K Gold Sapphire & Diamond Whale's Tail Earrings, 1.32 TCW",2096.5,2995.0,14K Gold,White,"Round Blue Sapphire 0.93, Round Diamond 0.39","1.25""",,,,,,,,,,,,,,,,,,,,,,,,,,,,Earrings,Women
"Effy Brasilica 14K Yellow Gold Emerald and Diamond Earrings, 2.28 TCW",2347.5,4695.0,14K Gold,Yellow,"Emerald Cut Emerald 1.9, Round Diamond 0.38","1/2""",,,,,,,,,,,,,,,,,,,,,,,,,,,,Earrings,Women
"Effy Brasilica 14K White Gold Emerald and Diamond Hoop Earrings, 1.07 TCW",1495.0,2595.0,14K Gold,White,"Round Emerald 0.68, Round Diamond 0.39,",,,,,,,,,,,,,,,,,,,,,,,,,,,,,Earrings,Women
"Effy Espresso 14K Yellow Gold Cognac and White Diamond Earrings, 0.94 TCW",2207.5,4415.0,14K Gold,Yellow,Round Diamond 0.94,"1.13""",,,,,,,,,,,,,,,,,,,,,,,,,,,,Earrings,Women
"Effy Trio 14K Tri Color Gold Diamond Earrings, 0.55 TCW",2306.5,3295.0,14K Gold,Three Tone,Round Diamond 0.55,"1/2""",,,,,,,,,,,,,,,,,,,,,,,,,,,,Earrings,Women
"Effy Gemma 14K White Gold Blue Sapphire and Diamond Earrings, 2.43 TCW",2656.5,3795.0,14K Gold,White,"Round Blue Sapphire 2.07, Round Diamond 0.36","5/8""",,,,,,,,,,,,,,,,,,,,,,,,,,,,Earrings,Women
"Effy Pave Classica 14K White Gold Diamond Heart Earrings, 0.48 TCW",1855.0,2650.0,14K Gold,White,Round Diamond 0.48,"1.5""",,,,,,,,,,,,,,,,,,,,,,,,,,,,Earrings,Women
"Effy Mosaic 14K Yellow Gold Multi Gemstone and Diamond Earrings, 5.56 TCW",1200.0,2400.0,14K Gold,Yellow,"Multi Shape Multi Color 5.5, Round Diamond 0.06","3/4""",,,,,,,,,,,,,,,,,,,,,,,,,,,,Earrings,Women
"Effy D'Oro 14K Yellow Gold Diamond Earrings, 2.25 TCW",7696.5,10995.0,14K Gold,Yellow,Round Diamond 2.25,"1""",,,,,,,,,,,,,,,,"3/4""",,,,,,,,,,,,Earrings,Women
"Effy 14K White Gold Yellow and White Diamond Earrings, 0.93 TCW",2997.5,5995.0,14K Gold,White,Round Diamond 0.93,"1""",,,,,,,,,,,,,,,,,,,,,,,,,,,,Earrings,Women
"Effy Watercolors 14K Yellow Gold Multi Sapphire Hoop Earrings, 6.42 TCW",3356.5,4795.0,14K Gold,Yellow,Emerald Cut Multi Sapphire 6.42,"3/4""",,,,,,,,,,,,,,,,,,,,,,,,,,,,Earrings,Women
"Effy Pave Rose 14K Rose Gold Diamond Hoop Earrings, 0.34 TCW",2065.0,2950.0,14K Gold,Rose,Round Diamond 0.34,"3/4""",,,,,,,,,,,,,,,,,,,,,,,,,,,,Earrings,Women
"Effy Ruby Royale 14K Yellow Gold Ruby and Diamond Stud Earrings, 2.37 TCW",2446.5,3495.0,14K Gold,Yellow,"Oval Ruby 1.9, Round Diamond 0.47,",,,,,,,,,,,,,,,,,,,,,,,,,,,,,Earrings,Women
"Effy Nature 14K Rose Gold Ruby and Diamond Flower Earrings, 2.28 TCW",2096.5,2995.0,14K Gold,Rose,"Pear Ruby 2, Round Diamond 0.28","1/2""",,,,,,,,,,,,,,,,,,,,,,,,,,,,Earrings,Women
"Effy Mosaic 14K Yellow Gold Multi Gemstone and Diamond Earrings, 5.51 TCW",2306.5,3295.0,14K Gold,Yellow,"Emerald Cut Multi Color 5.25, Round Diamond 0.26","1""",,,,,,,,,,,,,,,,,"Amethyst, Blue Topaz, Peridot, Citrine and Garnet",,,,,,,,,,,Earrings,Women
"Effy Watercolors 14K Gold Multi Sapphire and Diamond Earrings, 2.48 TCW",2306.5,3295.0,14K Gold,Yellow,"Emerald Cut Multi Sapphire 2.15, Round Diamond 0.33","5/8""",,,,,,,,,,,,,,,,,,,,,,,,,,,,Earrings,Women
"Effy Royale Bleu 14K White Gold Blue Sapphire Stud Earrings, 1.14 TCW",836.5,1195.0,14K Gold,White,Round Blue Sapphire 1.14,"1/4""",,,,,,,,,,,,,,,,,,,,,,,,,,,,Earrings,Women
"Effy 14K White Gold Cultured Fresh Water Pearl & Diamond Earrings, 0.21 TCW",1365.0,1950.0,14K Gold,White,"Round Pearl, Round Diamond 0.21","1.5""",,,,,,,,,,,,,,,,,,,,,,,,,,,,Earrings,Women
"Effy Watercolors 14K Yellow Gold Multi Sapphire Circle Pendant, 5.09 TCW",1997.5,3995.0,14K Gold,Yellow,"Multi Shape Multi Sapphire 5.04, Round Diamond 0.05,",,,,,,,,,,,,,,,,,,,,,,,,,,,,,Earrings,Women
"Effy Watercolors 14K Yellow Gold Multi Sapphire & Diamond Earrings, 2.13 TC",2236.5,3195.0,14K Gold,Yellow,"Square Multi Sapphire 1.9, Round Diamond 0.23","3/4""",,,,,,,,,,,,,,,,,,,,,,,,,,,,Earrings,Women
"Effy Tanzanite Royale 14K Gold Tanzanite & Diamond Hoop Earrings, 2.43 TCW",2485.0,3550.0,14K Gold,White,"Trillion Tanzanite 2.28, Round Diamond 0.15,3/4"" Hoop",,,,,,,,,,,,,,,,,,,,,,,,,,,,,Earrings,Women
"Effy Pave Classica 14K White Gold Diamond Huggie Hoop Earrings, 1.15 TCW",3706.5,5295.0,14K Gold,White,"Round Diamond 1.15,1/2"" Length",,,,,,,,,,,,,,,,,,,,,,,,,,,,,Earrings,Women
"Effy Canare 18K Two-Tone Gold Yellow and White Diamond Earrings, 0.99 TCW",5596.5,7995.0,18K Gold,Yellow and White,"Multi Shape Yellow Diamond 0.99,",,,,,,,,,,,,,,,,,,,,,,,,,,,,,Earrings,Women
"Effy Pave Classica 14K White Gold Diamond Stud Earrings, 0.35 TCW",1365.0,1950.0,14K Gold,White,"Round Diamond 0.35,",,,,,,,,,,,,,,,,,,,,,,,,,,,,,Earrings,Women
"Effy Kidz 14K Yellow Gold Black and White Diamond Turtle Earrings, 0.15 TCW",525.0,1050.0,14K Gold,Yellow,"Round Diamond 0.15,",,,,,,,,,,,,,,,,,,,,,,,,,,,,,Earrings,Women
"Effy Aquarius 14K White Gold Aquamarine and Diamond Earrings, 0.88 TCW",805.0,1150.0,14K Gold,White,"Round Aquamarine 0.76, Round Diamond 0.12","5/16""",,,,,,,,,,,,,,,,,,,,,,,,,,,,Earrings,Women
"Effy Watercolors 14K Gold Multi Sapphire & Diamond Earrings, 6.30 TCW",2597.5,5195.0,14K Gold,Yellow,"Multi Shape Multi Sapphire 6.15, Round Diamond 0.15",1,,,,,,,,,,,,,,,,,,"3/4""",,,,,,,,,,Earrings,Women
"Effy Eclipse 14K Yellow Gold Onyx and Diamond Drop Earrings, 11.53 TCW",1396.5,1995.0,14K Gold,Yellow,"Marquise Onyx 11.33, Round Diamond 0.2","1.25""",,,,,,,,,,,,,,,,,,,,,,,,,,,,Earrings,Women
"Effy Tanzanite Royale 14K White Gold Tanzanite and Diamond Stud Earrings, 1.91 TCW",1785.0,2550.0,14K Gold,White,"Round Tanzanite 1.71, Round Diamond 0.2,",,,,,,,,,,,,,,,,,,,,,,,,,,,,,Earrings,Women
"Effy Blush 14K Rose Gold Morganite and Diamond Earrings, 1.49 TCW",1046.5,1495.0,14K Gold,Rose,"Oval Morganite 1.4, Round Diamond 0.09","3/4""",,,,,,,,,,,,,,,,,,,,,,,,,,,,Earrings,Women
"Effy 925 Sterling Silver Amethyst Earrings, 4.80 TCW",385.0,550.0,Sterling Silver,N/A,"Cushion Amethyst 4.8,",,,,,,,,,,,,,,,,,,,,,,,,,,,,,Earrings,Women
"Effy Tanzanite Royale 14K White Gold Tanzanite and Diamond Stud Earrings, 1.04 TCW",695.0,1450.0,14K Gold,White,"Round Tanzanite 0.91, Round Diamond 0.13,",,,,,,,,,,,,,,,,,,,,,,,,,,,,,Earrings,Women
"Effy Bouquet 14K White Gold Diamond Cluster Stud Earrings, 1.14 TCW",4896.5,6995.0,14K Gold,White,Round Diamond 1.14,,,,"3/8""",,,,,,,,,,,,,,,,,,,,,,,,,Earrings,Women
"Effy Tanzanite Royale Sterling Silver Tanzanite and Diamond Earrings, 1.87 TCW",867.5,1735.0,Sterling Silver,N/A,"Oval Tanzanite 1.62, Round Diamond 0.25,",,,,,,,,,,,,,,,,,,,,,,,,,,,,,Earrings,Women
"Effy Kidz 14K Rose Gold Diamond Heart Earrings, 0.17 TCW",525.0,1050.0,14K Gold,Rose,"Round Diamond 0.17,",,,,,,,,,,,,,,,,,,,,,,,,,,,,,Earrings,Women
"Effy Bouquet 14K White Gold Diamond Halo Cluster Earrings, 0.63 TCW",2147.5,4295.0,14K Gold,White,Round Diamond 0.63,,,,"5/16""",,,,,,,,,,,,,,,,,,,,,,,,,Earrings,Women
"Effy 925 Sterling Silver & 18K Gold Accented Diamond Earrings, 0.42 TCW",1155.0,1650.0,Sterling Silver & 18K Gold,N/A,Round Diamond 0.42,"3/4""",,,,,,,,,,,,,,,,,,,,,,,,,,,,Earrings,Women
"14K 2-Tone Gold Espresso & White Diamond Crossover Hoop Earrings, 1.00 TCW",2096.5,2995.0,14K Gold,Rose and White,Round Diamond 1,"3/4""",,,,,,,,,,,,,,,,,,,,,,,,,,,,Earrings,Women
Effy Watercolors 14K Yellow Gold Multi Sapphire and Diamond Earrings,4970.0,7100.0,14K Gold,Yellow,"Oval Multi Sapphire 9.4, Round Diamond 0.11","2""",,,,,,,,,,,,,,,,,,,,,,,,,,,,Earrings,Women
"Effy Royale Bleu 14K White Gold Blue Sapphire & Diamond Earrings, 0.33 TCW",1116.5,1595.0,14K Gold,White,"Round Blue Sapphire 0.22, Round Diamond 0.11","1/2""",,,,,,,,,,,,,,,,,,,,,,,,,,,,Earrings,Women
"Effy Signature 14K Yellow Gold Emerald and Diamond Earrings, 3.27 TCW",3006.5,4295.0,14K Gold,Yellow,"Round Emerald 0.99, Round Diamond 0.74","3/4""",,,,,,,,,,,,,,,,,,,,,,,,,,,,Earrings,Women
"Effy D'Oro 14K Yellow Gold Diamond Vertical Earrings, 0.35 TCW",1470.0,2100.0,14K Gold,Yellow,Round Diamond 0.35,"2""",,,,,,,,,,,,,,,,,,,,,,,,,,,,Earrings,Women
"14K White and Yellow Gold Diamond Crossover Hoop Earrings, 1.00 TCW",2306.5,3295.0,14K Gold,Yellow and White,Round Diamond 1,"3/4""",,,,,,,,,,,,,,,,,,,,,,,,,,,,Earrings,Women
"Effy Canare 14K White Gold Yellow and White Diamond Stud Earrings, 0.84 TCW",4126.5,5895.0,14K Gold,White,"Cushion Yellow Diamond 0.72, Round Diamond 0.12",,,,"1/4""",,,,,,,,,,,,,,,,,,,,,,,,,Earrings,Women
"Effy Bouquet 14K White Gold Diamond Stud Earrings, 0.98 TCW",3925.0,7850.0,14K Gold,White,Diamond 0.98,,,,,,,,"1/4""",,,,,,,,,,,,,,,,,,,,,Earrings,Women
"Effy Watercolors 14K Yellow Gold Multi Sapphire and Diamond Palm Tree Earrings, 2.58 TCW",2075.0,4150.0,14K Gold,Yellow,"Multi Shape Multi Sapphire 2.07, Round Diamond 0.51","1.25""",,,,,,,,,,,,,,,,,,,,,,,,,,,,Earrings,Women
"Effy Bouquet 14K White Gold Diamond Drop Earrings, 1.29 TCW",3955.0,5650.0,14K Gold,White,Round Diamond 1.29,"3/4""",,,,,,,,,,,,,,,,,,,,,,,,,,,,Earrings,Women
"Effy Canare 14K Yellow Gold Yellow Diamond Cluster Earrings, 1.41 TCW",5246.5,7495.0,14K Gold,Yellow,Round Yellow Diamond 1.41,,,,"3/4""",,,,,,,,,,,,,,,,,,,,,,,,,Earrings,Women
"Effy Canare 14K Yellow Gold Yellow Diamond Hoop Earrings, 0.57 TCW",2376.5,3395.0,14K Gold,Yellow,Round Yellow Diamond 0.57,"7/8""",,,,,,,,,,,,,,,,,,,,,,,,,,,,Earrings,Women
"Effy Mosaic Sterling Silver & 18K Gold Multi Sapphire Earrings, 1.16 TCW",906.5,1295.0,Sterling Silver & 18K Gold,Yellow,Round Multi Sapphire 1.6,"1/2""",,,,,,,,,,,,,,,,,,,,,,,,,,,,Earrings,Women
"Effy Tanzanite Royale Sterling Silver Tanzanite Stud Earrings, 1.90 TCW",836.5,1195.0,Sterling Silver,N/A,Cushion Tanzanite 1.9,,,,,,,,"1/4""",,,,,,,,,,,,,,,,,,,,,Earrings,Women
"Effy Mosaic Sterling Silver & 18K Gold Multi Sapphire Earrings, 1.15 TCW",766.5,1095.0,Sterling Silver & 18K Gold,N/A,Round Multi Sapphire 1.15,"5/8""",,,,,,,,,,,,,,,,,,,,,,,,,,,,Earrings,Women
"Effy 925 Sterling Silver & 18K Gold Diamond Earrings, 0.29 TCW",712.5,1425.0,Sterling Silver & 18K Gold,N/A,Round Diamond 0.29,,,,,,,,,,,,,,,,,,,,"5/8""",,,,,,,,,Earrings,Women
"Effy D'Oro 14K Yellow Gold Diamond Wave Hoop Earrings, 0.25 TCW",1956.5,2795.0,14K Gold,Yellow,Round Diamond 0.25,,,,"1.25""",,,,,,,,,,,,,,,,,,,,,,,,,Earrings,Women
"Effy 925 Sterling Silver Blue Sapphire Splash 1/2"" Hoop Earrings, 1.77 TCW",295.0,,Sterling Silver,N/A,Round Blue Sapphire 1.77,,,,"5/8""",,,,,,,,,,,,,,,,,,,,,,,,,Earrings,Women
Effy 925 Sterling Silver and 18K Yellow Gold Earrings,346.5,495.0,Sterling Silver & 18K Gold,Yellow,,"3/4""",,,,,,,,,,,,,,,,,,,,,,,,,,,,Earrings,Women
"Effy D'Oro 14K Yellow Gold Diamond Vertical Earrings, 0.29 TCW",1365.0,1950.0,14K Gold,Yellow,Round Diamond 0.29,"1.75""",,,,,,,,,,,,,,,,,,,,,,,,,,,,Earrings,Women
"Effy 925 Sterling Silver Diamond Hoop Earrings, 0.24 TCW",315.0,450.0,Sterling Silver,N/A,Round Diamond 0.24,,"1""",,,,,,,,,,,,,,,,,,,,,,,,,,,Earrings,Women
"Effy 925 S. Silver Cushion Onyx Earrings, 17.40 TCW",315.0,450.0,Sterling Silver,N/A,Cushion Onyx 17.4,"1.25""",,,,,,,,,,,,,,,,,,,,,,,,,,,,Earrings,Women
"Effy 925 Sterling Silver Onyx and Diamond Earrings, 3.49 TCW",297.5,425.0,Sterling Silver,N/A,"Cushion Onyx 3.45, Round Diamond 0.04","5/8""",,,,,,,,,,,,,,,,,,,,,,,,,,,,Earrings,Women
"Effy Signature Sterling Silver Diamond and Tsavorite Panther Stud Earrings, 0.16 TCW",486.5,695.0,Sterling Silver,N/A,"Round Diamond 0.11, Round Tsavorite 0.05",,,,,,,"5/8""",,,,,,,,,,,,,,,,,,,,,,Earrings,Women
"Effy 925 Sterling Silver & 18K Yellow Gold Diamond Earrings, 0.36 TCW",747.5,1495.0,Sterling Silver & 14K Gold,Yellow,Round Diamond 0.36,"3/4""",,,,,,,,,,,,,,,,,,,,,,,,,,,,Earrings,Women
"Balissima Sterling Silver Mix Stone Earrings, 14.80 TCW",1675.0,3350.0,Sterling Silver,N/A,"Multi Shape Rhodolite Garnet, Multi Shape Pink Tourmaline ","2""",,,,,,,,,,,,,,,,,,,,,,,,,,,,Earrings,Women
"Effy Pave Classica 14K White Gold Diamond Earrings, 4.60 TCW",8997.5,17995.0,14K Gold,White,Round Diamond 4.6,"2""",,,,,,,,,,,,,,,,,,,,,,,,,,,,Earrings,Women
"Effy Tanzanite Royale 14K White Gold Tanzanite and Diamond Studs, 0.98 TCW",647.5,1295.0,14K Gold,White,"Round Tanzanite 0.86, Round Diamond 0.12,",,,,,,,,,,,,,,,,,,,,,,,,,,,,,Earrings,Women
"Effy Gemma 14K Rose Gold Tanzanite and Diamond Earrings, 3.69 TCW",3487.5,6975.0,14K Gold,Rose,"Cushion Tanzanite 3.33, Round Diamond 0.36","7/8""",,,,,,,,,,,,,,,,,,,,,,,,,,,,Earrings,Women
"Effy D'Oro 14K Yellow Gold Diamond Huggie-Hoop Earrings, 0.21 TCW",1825.0,3650.0,14K Gold,Yellow,Round Diamond 0.21,"5/8""",,,,,,,,,,,,,,,,,,,,,,,,,,,,Earrings,Women
"Effy Sterling Silver Tanzanite and Diamond Earrings, 2.06 TCW",892.5,1785.0,Sterling Silver,N/A,"Cushion Tanzanite 1.9, Round Diamond 0.16","5/16""",,,,,,,,,,,,,,,,,,,,,,,,,,,,Earrings,Women
"Effy Kidz 14K Yellow Gold Diamond Accented Butterfly Earrings, 0.03 TCW",397.5,795.0,14K Gold,Yellow,"Round Diamond 0.03,",,,,,,,,,,,,,,,,,,,,,,,,,,,,,Earrings,Women
"Effy Tanzanite Royale 14K Rose Gold Tanzanite & Diamond Earrings, 3.10 TCW",3097.5,6195.0,14K Gold,Rose,"Rectangle Tanzanite 2.76, Round Diamond 0.34","1""",,,,,,,,,,,,,,,,,,,,,,,,,,,,Earrings,Women
"Effy Pave Classica 14K White Gold Diamond Halo Stud Earrings, 0.49 TCW",1387.5,2775.0,14K Gold,White,"Round Diamond 0.49,",,,,,,,,,,,,,,,,,,,,,,,,,,,,,Earrings,Women
"Effy Bella Bleu 14K White Gold Blue Diamond Stud Earrings, 0.28 TCW",725.0,1450.0,14K Gold,White,"Round Blue Diamond 0.24, Round Diamond 0.04,",,,,,,,,,,,,,,,,,,,,,,,,,,,,,Earrings,Women
"Effy Tanzanite Royale 14K White Gold Tanzanite & Diamond Earrings, 0.88 TCW",647.5,1295.0,14K Gold,White,"Round Tanzanite 0.76, Round Diamond 0.12,",,,,,,,,,,,,,,,,,,,,,,,,,,,,,Earrings,Women
"Effy Brasilica 14K Yellow Gold Emerald and Diamond Earrings, 2.18 TCW",2397.5,4795.0,14K Gold,Yellow,"Emerald Cut Emerald 1.9, Round Diamond 0.28","1.75""",,,,,,,,,,,,,,,,,,,,,,,,,,,,Earrings,Women
"Effy 14K Yellow Gold Diamond Drop Earrings, 1.50 TCW",2797.5,5595.0,14K Gold,Yellow,Round Diamond 1.5,"1.7""",,,,,,,,,,,,,,,,,,,,,,,,,,,,Earrings,Women
"Effy Gemma 14K Yellow Gold Emerald and Diamond Earrings, 6.92 TCW",6497.5,12995.0,14K Gold,Yellow,"Multi Shape Emerald 5.66, Round Diamond 1.26","1.5""",,,,,,,,,,,,,,,,,,,,,,,,,,,,Earrings,Women
"Effy Confetti 14K Gold Black, Espresso & White Diamond Earrings, 1.51 TCW",3350.0,6700.0,14K Gold,Rose,Round Diamond 1.51,"2.25""",,,,,,,,,,,,,,,,,,,,,,,,,,,,Earrings,Women
"Effy Brasilica 14K Yellow Gold Emerald and Diamond Earrings, 2.66 TCW",2997.5,5995.0,14K Gold,Yellow,"Emerald Cut Emerald 1.9, Multi Shape Diamond 0.76,",,,,,,,,,,,,,,,,,,,,,,,,,,,,,Earrings,Women
"Effy Ruby Royale 14K Yellow Gold Ruby Stud Earrings, 2.00 TCW",1425.0,2850.0,14K Gold,Yellow,"Round Ruby 2,",,,,,,,,,,,,,,,,,,,,,,,,,,,,,Earrings,Women
"Effy Pave Classica 14K White Gold Diamond Stud Earrings, 0.31 TCW",825.0,1650.0,14K Gold,White,"Round Diamond 0.31,",,,,,,,,,,,,,,,,,,,,,,,,,,,,,Earrings,Women
"Effy Blush 14K Rose Gold Morganite and Diamond Heart Earrings, 1.87 TCW",1225.0,1750.0,14K Gold,Rose,"Heart Morganite 1.7, Round Diamond 0.17","1/4""",,,,,,,,,,,,,,,,,,,,,,,,,,,,Earrings,Women
"Effy Ruby Royale 14K Yellow Gold Ruby Stud Earrings, 1.14 TCW",525.0,750.0,14K Gold,Yellow,"Round Ruby 1.14,",,,,,,,,,,,,,,,,,,,,,,,,,,,,,Earrings,Women
"Effy Canare 18K Two Tone Gold Yellow and White Diamond Earrings, 0.76 TCW",4756.5,6795.0,18K Gold,Yellow and White,Multi Shape Diamond 0.76,,,,,,,"3/8""",,,,,,,,,,,,,,,,,,,,,,Earrings,Women
"Effy Pave Classica 14K White Gold Diamond Earrings, 1.87 TCW",6296.5,8995.0,14K Gold,White,Round Diamond 1.87,"1""",,,,,,,,,,,,,,,,,,,,,,,,,,,,Earrings,Women
"Effy Canare 18K Two Tone Gold Yellow and White Diamond Earrings, 0.54 TCW",4196.5,5995.0,18K Gold,Yellow and White,Round Diamond 0.54,,,,,,,"3/8""",,,,,,,,,,,,,,,,,,,,,,Earrings,Women
"Effy Nature 14K Tri Color Gold Diamond Flower Earrings, 2.04 TCW",5005.0,7150.0,14K Gold,Three Tone,"Round Black Diamond 1.03, Round Diamond 0.64, Round Cognac Diamond 0.37","1.38""",,,,,,,,,,,,,,,,,,,,,,,,,,,,Earrings,Women
"Gemma Blue Sapphire and Diamond Earrings, 2.20 TCW",1350.0,2700.0,14K Gold,White,"Round Blue Sapphire 2, Round Diamond 0.2,",,,,,,,,,,,,,,,,,,,,,,,,,,,,,Earrings,Women
"Effy Royale Bleu 14K White Gold Sapphire and Diamond Earrings, 11.31 TCW",3706.5,5295.0,14K Gold,White,"Marquise Blue Sapphire 5.57, Round Diamond 5.74",,,,,,,,,,,,,,,,,,,,,"1.5""",,,,,,,,Earrings,Women
"Effy Canare 14K White Gold Yellow and White Diamond Earrings, 0.67 TCW",3255.0,4650.0,14K Gold,White,"Round Yellow Diamond 0.27, Round Diamond 0.4","5/8""",,,,,,,,,,,,,,,,,,,,,,,,,,,,Earrings,Women
"Effy 14K White Gold Black and White Diamond Globe Drop Earrings, 6.77 TCW",9096.5,12995.0,14K Gold,White,Round Diamond 6.77,"1.25""",,,,,,,,,,,,,,,,,,,,,,,,,,,,Earrings,Women
"Effy Brasilica 14K Yellow Gold Emerald and Diamond Earrings, 4.63 TCW",4515.0,6450.0,14K Gold,Yellow,"Marquise Emerald 4.35, Round Diamond 0.28","1.5""",,,,,,,,,,,,,,,,,,,,,,,,,,,,Earrings,Women
"Effy Watercolors 14K Gold Multi Sapphire & Diamond Earrings, 4.67 TCW",4305.0,6150.0,14K Gold,White,"Square Multi Sapphire 4.26, Round Diamond 0.41",,"1.25""",,,,,,,,,,,,,,,,,,,,,,,,,,,Earrings,Women
"Effy 14K Yellow Gold Lapis Lazuli & Cultured Fresh Water Pearl Drop Earrings, 1.50 TCW",276.5,395.0,14K Gold,Yellow,"Round Pearl, Round Lapis Lazuli 1.5",,,,,,,,,,,,,,,,,,,,,,10mm,15mm,1,,,,,Earrings,Women
"Effy 14K Yellow Gold Coral and Diamond Earrings, 5.93 TCW",1470.0,2100.0,14K Gold,Yellow,"Coral 5.8, Round Diamond 0.13,",,,,,,,,,,,,,,,,,,,,,,,,,,,,,Earrings,Women
"14K Rose Gold Pink Sapphire and Diamond Ribbon Earrings, 0.54 TCW",945.0,1350.0,14K Gold,Rose,"Round Pink Sapphire 0.41, Round Diamond 0.13","5/8""",,,,,,,,,,,,,,,,,,,,,,,,,,,,Earrings,Women
"Effy Ruby Royale 14K Rose Gold Ruby and Diamond Drop Earrings, 1.68 TCW",2096.5,2995.0,14K Gold,Rose,"Pear Ruby 1.42, Round Diamond 0.26","1""",,,,,,,,,,,,,,,,,,,,,,,,,,,,Earrings,Women
"Gemma Emerald Stud Earrings, 0.95 TCW",455.0,650.0,14K Gold,Yellow,"Round Emerald 0.95,",,,,,,,,,,,,,,,,,,,,,,,,,,,,,Earrings,Women
"Effy Ruby Royale 14K Yellow Gold Ruby and Diamond Earrings, 2.06 TCW",1447.5,2895.0,14K Gold,Yellow,"Oval Ruby 1.9, Round Diamond 0.16,",,,,,,,,,,,,,,,,,,,,,,,,,,,,,Earrings,Women
"Effy Splash Sterling Silver Multi Sapphire and Diamond Earrings, 2.74 TCW",696.5,995.0,Sterling Silver,N/A,"Round Multi Color 2.65, Round Diamond 0.09","3/4""",,,,,,,,,,,,,,,,,,,,,,,,,,,,Earrings,Women
"Effy Aquarius 14K White Gold Aquamarine and Diamond Earrings, 2.80 TCW",1470.0,2100.0,14K Gold,White,"Emerald Cut Aquamarine 2.6, Round Diamond 0.2","3/8""",,,,,,,,,,,,,,,,,,,,,,,,,,,,Earrings,Women
"Effy Brasilica 14K Yellow Gold Emerald and Diamond Stud Earrings, 1.99 TCW",2096.5,2995.0,14K Gold,Yellow,"Oval Emerald 1.52, Round Diamond 0.47","3/8""",,,,,,,,,,,,,,,,,,,,,,,,,,,,Earrings,Women
"Effy 925 Sterling Silver Multi Sapphire Butterfly Earrings, 1.62 TCW",402.5,575.0,Sterling Silver,N/A,Round Multi Sapphire 1.62,"1""",,,,,,,,,,,,,,,,,,,,,,,,,,,,Earrings,Women
"14K Rose Gold Rose Quartz and Diamond Earrings, 13.05 TCW",1956.5,2795.0,14K Gold,Rose,"Trillion Rose Quartz 12.7, Round Diamond 0.35","1""",,,,,,,,,,,,,,,,,,,,,,,,,,,,Earrings,Women
"Effy Bordeaux 14K Yellow Gold Garnet and Diamond Earrings, 4.77 TCW",1015.0,1450.0,14K Gold,Yellow,"Oval Garnet 4.7, Round Diamond 0.07","5/8""",,,,,,,,,,,,,,,,,,,,,,,,,,,,Earrings,Women
"Effy 14K Yellow Gold Onyx and Cultured Fresh Water Pearl Drop Earrings, 14.50 TCW",276.5,395.0,14K Gold,Yellow,Round Pearl,,,,,,,,,,,,,,,,,,,,,,6mm,,1,10mm,,,,Earrings,Women
"Effy Tanzanite Royale 14K Yellow Gold Tanzanite and Diamond Stud Earrings, 1.19 TCW",495.0,1195.0,14K Gold,Yellow,"Trillion Tanzanite 1.05, Round Diamond 0.14,",,,,,,,,,,,,,,,,,,,,,,,,,,,,,Earrings,Women
"Effy Signature 14K Rose Gold Black Diamond & Emerald Earrings, 0.93 TCW",1925.0,2750.0,14K Gold,Rose,"Round Black Diamond 0.88, Round Emerald 0.05","3/8""",,,,,,,,,,,,,,,,,,,,,,,,,,,,Earrings,Women
"Effy Canare 14K Two Tone Gold Yellow and White Diamond Earrings, 0.98 TCW",3846.5,5495.0,14K Gold,Yellow and White,Round Diamond 0.98,,,,"3/8""",,,,,,,,,,,,,,,,,,,,,,,,,Earrings,Women
"Effy Royale Bleu 14K 2-Tone Gold Sapphire & Diamond Earrings, 1.11 TCW",3006.5,4295.0,14K Gold,Yellow and White,"Round Blue Sapphire 0.62, Round Diamond 0.29,",,,,,,,,,,,,,,,,,,,,,,,,,,,,,Earrings,Women
"Effy Canare 14K Two Tone Gold Yellow and White Diamond Heart Earrings, 0.96 TCW",3426.5,4895.0,14K Gold,Yellow and White,"Round Yellow Diamond 0.69, Round Diamond 0.27","3/8""",,,,,,,,,,,,,,,,,,,,,,,,,,,,Earrings,Women
"Effy Watercolors 14K Gold Multi Sapphire & Diamond Earrings, 2.63 TCW",2726.5,3895.0,14K Gold,Yellow,"Square Multi Sapphire 2.39, Round Diamond 0.24",,"3/4""",,,,,,,,,,,,,,,,,,,,,,,,,,,Earrings,Women
"Effy Nature 14K Yellow Gold Diamond Flower Earrings, 0.32 TCW",2096.5,2995.0,14K Gold,Yellow,Round Diamond 0.32,"5/8""",,,,,,,,,,,,,,,,,,,,,,,,,,,,Earrings,Women
"Effy Nature Sterling Silver & 18K Gold Diamond Flower Earrings, 0.04 TCW",647.5,925.0,Sterling Silver & 18K Gold,N/A,Round Diamond 0.04,,,,,,,,,,,,,,,,,,,,,,,,,,"1/2""",,,Earrings,Women
"Effy Aquarius 14K White Gold Aquamarine Stud Earrings, 0.90 TCW",626.5,895.0,14K Gold,White,Round Aquamarine 0.9,,,,"1/4""",,,,,,,,,,,,,,,,,,,,,,,,,Earrings,Women
"Effy Brasilica 14K Yellow Gold Emerald and Diamond Earrings, 0.72 TCW",1046.5,1495.0,14K Gold,Yellow,"Round Diamond 0.24, Round Emerald 0.48,",,,,,,,,,,,,,,,,,,,,,,,,,,,,,Earrings,Women
"Effy 925 Sterling Silver Pink Sapphire Splash Heart Earrings, 2.30 TCW",595.0,850.0,Sterling Silver,N/A,Round Pink Sapphire 2.30,"1""",,,,,,,,,,,,,,,,,,,,,,,,,,,,Earrings,Women
"Effy Seaside 14K Tri Color Gold Diamond Starfish Earrings, 0.33 TCW",1466.5,2095.0,14K Gold,Three Tone,Round Diamond 0.33,"3/4""",,,,,,,,,,,,,,,,,,,,,,,,,,,,Earrings,Women
"Effy Pave Classica 14K Gold Diamond Pear Shaped Drop Earrings, 0.77 TCW",3496.5,4995.0,14K Gold,White,"Multi Shape Diamond 0.38,",,,,,,,,,,,,,,,,,,,,,,,,,,,,,Earrings,Women
"Effy 925 Sterling Silver Diamond Earrings, 0.33 TCW",295.0,550.0,Sterling Silver,N/A,Round Diamond 0.33,"5/8""",,,,,,,,,,,,,,,,,,,,,,,,,,,,Earrings,Women
"Effy 14K White Gold Black and White Diamond Stud Earrings, 0.91 TCW",1536.5,2195.0,14K Gold,White,Round Diamond 0.91,,,,"1/4""",,,,,,,,,,,,,,,,,,,,,,,,,Earrings,Women
"Effy 925 Mosaic Multi Gemstone Earrings, 2.88 TCW",875.0,1250.0,Sterling Silver & 18K Gold,Yellow,"Multi Shape Multi Color 2.88,1"" Diameter, 3/8"" Wide",,,,,,,,,,,,,,,,,,,,,,,,,,,,,Earrings,Women
"Effy Seaside Silver and 18K Gold Blue Topaz Starfish Earrings, 6.40 TCW",696.5,995.0,Stainless Steel & 18K Gold,Yellow,Multi Shape Blue Topaz 6.4,"3/4""",,,,,,,,,,,,,,,,,,,,,,,,,,,,Earrings,Women
"Effy 14K Yellow Gold Amethyst Stud Earrings, 4.25 TCW",696.5,995.0,14K Gold,Yellow,Cushion Amethyst 4.25,,,,,,,,"1/4""",,,,,,,,,,,,,,,,,,,,,Earrings,Women
"Effy 925 Sterling Silver and 18K Gold Green Amethyst Earrings, 2.33 TCW",416.5,595.0,Sterling Silver & 18K Gold,Yellow,Pear Green Amethyst 2.33,"1.38""",,,,,,,,,,,,,,,,,,,,,,,,,,,,Earrings,Women
Effy 925 Sterling Silver & Gold Blue Topaz Earrings,385.0,550.0,Sterling Silver & 18K Gold,Yellow,Rectangle Blue Topaz 2.19,"1""",,,,,,,,,,,,,,,,,,,,,,,,,,,,Earrings,Women
"Effy Brasilica 14K Yellow Gold Emerald and Diamond Earrings, 1.53 TCW",1816.5,2595.0,14K Gold,Yellow,"Square Emerald 1.37, Round Diamond 0.16",,,,,,,,,,,,,,,,,,,,,,,,,,,"1/2""",,Earrings,Women
"Effy Pave Classica 14K White Gold Diamond Earrings, 0.58 TCW",2166.5,3095.0,14K Gold,White,Round Diamond 0.58,"1""",,,,,,,,,,,,,,,,,,,,,,,,,,,,Earrings,Women
"Effy Nature 14K Gold Ruby, Sapphire & Diamond Flowers Earrings, 1.80 TCW",3356.5,4795.0,14K Gold,Rose,"Round Multi Color 1.27, Round Diamond 0.53","1""",,,,,,,,,,,,,,,,,,,,,,,,,,,,Earrings,Women
"Effy Espresso 14K Rose Gold Diamond Huggie Hoop Earrings, 1.30 TCW",3146.5,4495.0,14K Gold,Rose,Round Diamond 1.3,"5/8""",,,,,,,,,,,,,,,,,,,,,,,,,,,,Earrings,Women
"Effy Splash Sterling Silver Blue Sapphire Circle Earrings, 3.34 TCW",556.5,795.0,Sterling Silver,N/A,Round Blue Sapphire 3.34,,,,"1/2""",,,,,,,,,,,,,,,,,,,,,,,,,Earrings,Women
"Effy 14K White Gold Diamond Stud Earring, 2.00 TCW",6995.0,,14K Gold,White,Round Diamond 2,,,,,,,,,,,,,,,,,,,,,,,,,,,,"1/4""",Earrings,Women
"Effy Seaside 14K White Gold Sapphire & Diamond Starfish Earrings, 0.71 TCW",1116.5,1595.0,14K Gold,White,"Round Blue Sapphire 0.61, Round Diamond 0.1,",,,,,,,,,,,,,,,,,,,,,,,,,,,,,Earrings,Women
"Effy 14K Yellow Gold Turquoise Stud Earrings, 1.10 TCW",315.0,450.0,14K Gold,Yellow,Round Turquoise 1.1,,,,"1/4""",,,,,,,,,,,,,,,,,,,,,,,,,Earrings,Women
"Effy Ocean Bleu 14K Gold London Blue Topaz and Diamond Earrings, 4.25 TCW",1466.5,2095.0,14K Gold,White,"Round Blue Topaz 4.05, Round Diamond 0.2","3/8""",,,,,,,,,,,,,,,,,,,,,,,,,,,,Earrings,Women
"Effy Mosaic 14K Yellow Gold Multi Gemstone and Diamond Earrings, 26.71 TCW",2747.5,5495.0,14K Gold,Yellow,"Multi Shape Multi Color 26.6, Round Diamond 0.11","1.75""",,,,,,,,,,,,,,,,,,,,,,,,,,,,Earrings,Women
"Effy 925 Sterling Silver Blue Sapphire Splash Stud Earrings, 2.26 TCW",385.0,550.0,Sterling Silver,N/A,Round Blue Sapphire 2.26,,,,"5/16""",,,,,,,,,,,,,,,,,,,,,,,,,Earrings,Women
"Gemma Emerald and Diamond Stud Earrings, 1.82 TCW",1537.5,3075.0,14K Gold,White,"Round Emerald 1.62, Round Diamond 0.2,",,,,,,,,,,,,,,,,,,,,,,,,,,,,,Earrings,Women
"Effy 925 Sterling Silver Ruby Heart Earrings, 1.31 TCW",437.5,625.0,Sterling Silver,N/A,Round Ruby 1.31,"1/2""",,,,,,,,,,,,,,,,,,,,,,,,,,,,Earrings,Women
"Effy Watercolors 14K Gold Multi Sapphire and Diamond Earrings, 9.68 TCW",5876.5,8395.0,14K Gold,Yellow,"Pear Multi Sapphire 9.03, Round Diamond 0.65","1.5""",,,,,,,,,,,,,,,,,,,,,,,,,,,,Earrings,Women
"Effy Novelty 14K Yellow Gold Diamond Pineapple Earrings, 0.27 TCW",1326.5,1895.0,14K Gold,Yellow,Round Diamond 0.27,"3/8""",,,,,,,,,,,,,,,,,,,,,,,,,,,,Earrings,Women
"Effy Watercolors 14K Gold Multi Sapphire Mini Hoop Earrings, 0.66 TCW",945.0,1350.0,14K Gold,Yellow,Round Multi Sapphire 0.66,"1/2""",,,,,,,,,,,,,,,,,,,,,,,,,,,,Earrings,Women
"Effy Brasilica 14K White Gold Emerald and Diamond Earrings, 2.15 TCW",2516.5,3595.0,14K Gold,White,"Emerald Cut Emerald 1.9, Round Diamond 0.25","3/8""",,,,,,,,,,,,,,,,,,,,,,,,,,,,Earrings,Women
"Effy Brasilica 14K White Gold Emerald and Diamond Earrings, 1.98 TCW",1897.5,3795.0,14K Gold,White,"Emerald Emerald 1.9, Round Diamond 0.08","3/8""",,,,,,,,,,,,,,,,,,,,,,,,,,,,Earrings,Women
"Effy 14K Rose Gold Diamond Cross Over Earrings, 0.60 TCW",1700.0,3400.0,14K Gold,Rose,Multi Shape Diamond 0.6,"1/2""",,,,,,,,,,,,,,,,,,,,,,,,,,,,Earrings,Women
"Effy Watercolors 14K Gold Multi Sapphire & Diamond Earrings, 4.19 TCW",4056.5,5795.0,14K Gold,Yellow,"Multi Shape Multi Sapphire 3.4, Round Diamond 0.79","3/4""",,,,,,,,,,,,,,,,,,,,,,,,,,,,Earrings,Women
"Effy 14K White Gold Black and White Diamond Drop Earrings, 1.70 TCW",4896.5,6995.0,14K Gold,White,"Round Diamond 1.34, Round Black Diamond 0.36","2.75""",,,,,,,,,,,,,,,,,,,,,,,,,,,,Earrings,Women
"Effy Bordeaux 14K Yellow Gold Garnet and Diamond Earrings, 6.67 TCW",1956.5,2795.0,14K Gold,Yellow,"Emerald Cut Garnet 6.25, Multi Shape Diamond 0.42",,,,,,,,,,,,,,,,,,,,,,,,,,,,,Earrings,Women
Effy 14K Yellow Gold Multi Color Cultured Pearl Earrings,206.5,295.0,14K Gold,Yellow,Round Pearl,"2.13""",,,,,,,,,,,,,,,,,,,,,,,,,,,,Earrings,Women
"Effy 14K Rose Gold Amethyst, Pink Tourmaline and Diamond Earrings, 7.04 TCW",2446.5,3495.0,14K Gold,Rose,"Emerald Cut Multi Color 6.57, Round Diamond 0.47","1""",,,,,,,,,,,,,,,,,,,,,,,,,,,,Earrings,Women
"Effy Ocean Bleu 14K White Gold Blue Topaz and Diamond Earrings, 4.28 TCW",1186.5,1695.0,14K Gold,White,"Pear Blue Topaz 4.15, Round Diamond 0.13","1.63""",,,,,,,,,,,,,,,,,,,,,,,,,,,,Earrings,Women
"Effy Eclipse 14K Yellow Gold Onyx Stud Earrings, 4.80 TCW",556.5,795.0,14K Gold,Yellow,"Cushion Onyx 4.8,",,,,,,,,,,,,,,,,,,,,,,,,,,,,,Earrings,Women
"Effy 14K Yellow Gold Jade and Diamond Earrings, 8.09 TCW",1816.5,2595.0,14K Gold,Yellow,"Pear Jade 7.7, Round Diamond 0.39","1.5""",,,,,,,,,,,,,,,,,,,,,,,,,,,,Earrings,Women
"Effy 14K Yellow Gold Jade Stud Earrings, 18.70 TW",276.5,395.0,14K Gold,Yellow,"Round Jade 18.78,10mm Studs",,,,,,,,,,,,,,,,,,,,,,,,,,,,,Earrings,Women
"Effy 14K White Gold Sapphire and Diamond Earrings, 0.85 TCW",625.0,1250.0,14K Gold,White,"Emerald Cut Blue Sapphire 0.76, Round Diamond 0.09",,,,,,,"3/8""",,,,,,,,,,,,,,,,,,,,,,Earrings,Women
"Effy Signature 14K Rose Gold Ruby, Black Diamond and Emerald Earrings",2197.5,4395.0,14K Gold,Rose,"Round Ruby 1.15, Round Black Diamond 0.07, Round Emerald 0.06","3/4""",,,,,,,,,,,,,,,,,,,,,,,,,,,,Earrings,Women
"Effy Tanzanite Royale 14K Rose Gold Tanzanite & Diamond Earrings, 2.56 TCW",2236.5,3195.0,14K Gold,Rose,"Pear Tanzanite 2.24, Round Diamond 0.32","1""",,,,,,,,,,,,,,,,,,,,,,,,,,,,Earrings,Women
"Effy Ruby Royale 14K White Gold Ruby and Diamond Earrings, 2.03 TCW",1600.0,3200.0,14K Gold,White,"Oval Ruby 1.9, Multi Shape Diamond 0.13,",,,,,,,,,,,,,,,,,,,,,,,,,,,,,Earrings,Women
"Effy 14K Rose Gold Rhodolite Garnet and Diamond Earrings, 4.92 TCW",1597.5,3195.0,14K Gold,Rose,"Oval Garnet 4.56, Round Diamond 0.36",,,,,,,,,,,,,,,,,,,,,"5/8""",,,,,,,,Earrings,Women
"Effy 14K 2-Tone Gold Aquamarine and Diamond Drop Earrings, 3.75 TCW",1707.5,3415.0,14K Gold,Rose and White,"Pear Aquamarine 3.4, Round Diamond 0.35","3/4""",,,,,,,,,,,,,,,,,,,,,,,,,,,,Earrings,Women
"Effy Splash Sterling Silver Multi Sapphire Circle Earrings, 3.39 TCW",556.5,795.0,Sterling Silver,N/A,Round Multi Sapphire 3.39,,,,,,,,,,,,,,,,,,,,"1/2""",,,,,,,,,Earrings,Women
"Effy Duo 14K Two Tone Gold Diamond Chain Link Hoop Earrings, 0.40 TCW",1502.5,3005.0,14K Gold,Yellow and White,Round Diamond 0.4,"3/4""",,,,,,,,,,,,,,,,,,,,,,,,,,,,Earrings,Women
"Effy Splash Sterling Silver Multi Color Sapphire Drop Earrings, 4.10 TCW",805.0,1150.0,Sterling Silver,N/A,Round Multi Color 4.1,"1.75""",,,,,,,,,,,,,,,,,,,,,,,,,,,,Earrings,Women
"Effy 14K Rose Gold Amethyst, Tanzanite and Diamond Earrings, 8.62 TCW",1326.5,1895.0,14K Gold,Rose,"Rectangle Multi Color 8.55, Round Diamond 0.07","5/8""",,,,,,,,,,,,,,,,,,,,,,,,,,,,Earrings,Women
"Effy Splash Silver Multi Sapphire 1"" Hoop Earrings, 4.08 TCW",770.0,1100.0,Sterling Silver,N/A,"Round Multi Sapphire 4.08,",,,,,,,,,,,,,,,,,,,,,,,,,,,,,Earrings,Women
"Yellow Gold Diamond Stud Earrings, .39 TCW",1175.0,2350.0,14K Gold,Yellow,"Round Diamond 0.39,",,,,,,,,,,,,,,,,,,,,,,,,,,,,,Earrings,Women
Effy 925 Sterling Silver and 18K Yellow Gold Accented Hoop Earrings,385.0,550.0,Sterling Silver & 18K Gold,Yellow,,,,,"1.25""",,,,,,,,,,,,,,,,,,,,,,,,,Earrings,Women
"Effy 925 Sterling Silver and 18K Gold Green Amethyst Earrings, 3.50 TCW",556.5,795.0,Sterling Silver & 18K Gold,Yellow,Cushion Green Amethyst 3.5,"1""",,,,,,,,,,,,,,,,,,,,,,,,,,,,Earrings,Women
"Effy Canare 14K 2-Tone Gold Yellow and White Diamond Earrings, 0.87 TCW",3397.5,6795.0,14K Gold,Yellow and White,Round Diamond 0.87,"3/4""",,,,,,,,,,,,,,,,,,,,,,,,,,,,Earrings,Women
"Effy Duo 14K Two Tone Gold Diamond Chain Link Hoop Earrings, 0.28 TCW",1542.5,3085.0,14K Gold,Yellow and White,Round Diamond 0.28,"1/2""",,,,,,,,,,,,,,,,,,,,,,,,,,,,Earrings,Women
"Effy Blush 14K Rose Gold Morganite and Diamond Earrings, 3.12 TCW",1995.0,2850.0,14K Gold,Rose,"Emerald Cut Morganite 2.8, Round Diamond 0.32","3/8""",,,,,,,,,,,,,,,,,,,,,,,,,,,,Earrings,Women
"Effy Gemma 14K White Gold Tanzanite and Diamond Earrings, 2.38 TCW",2375.0,4750.0,14K Gold,White,"Cushion Tanzanite 1.9, Round Diamond 0.48","1""",,,,,,,,,,,,,,,,,,,,,,,,,,,,Earrings,Women
"Effy 925 Sterling Silver Diamond Pave Stud Earrings, 0.10 TCW",136.5,195.0,Sterling Silver,N/A,Round Diamond 0.1,,,,"1/4""",,,,,,,,,,,,,,,,,,,,,,,,,Earrings,Women
"Effy 14K Yellow Gold Green Amethyst and Diamond Earrings, 8.34 TCW",1116.5,1595.0,14K Gold,Yellow,"Rectangle Green Amethyst 8.3, Round Diamond 0.04","1""",,,,,,,,,,,,,,,,,,,,,,,,,,,,Earrings,Women
"Effy 925 Lagoon Sterling Silver Blue Topaz Earrings, 4.50 TCW",420.0,600.0,Sterling Silver,N/A,"Oval Blue Topaz 4.7,",,,,,,,,,,,,,,,,,,,,,,,,,,,,,Earrings,Women
"Effy Mosaic 14K Yellow Gold Multi Gemstone Hoop Earrings, 4.05 TCW",945.0,1350.0,14K Gold,Yellow,Oval Multi Color 4.05,,,,,,,,,,,"Amethyst, Blue Topaz, Citrine & Peridot","3/4""",,,,,,,,,,,,,,,,,Earrings,Women
"Effy 925 Lagoon Amethyst Earrings, 3.04 TCW",292.5,585.0,Sterling Silver,N/A,"Oval Amethyst 3.04,",,,,,,,,,,,,,,,,,,,,,,,,,,,,,Earrings,Women
"Effy Novelty 14K Yellow Gold Diamond Star Stud Earrings, 0.14 TCW",735.0,1050.0,14K Gold,Yellow,Round Diamond 0.14,,,,"1/4""",,,,,,,,,,,,,,,,,,,,,,,,,Earrings,Women
"Effy 925 Sterling Silver & 18K Gold Multi Gemstone Earrings, 4.70 TCW",906.5,1295.0,Sterling Silver & 18K Gold,Yellow,Multi Shape Multi Color 4.7,"7/8""",,,,,,,,,,,,,,,,,,,,,,,,,,,,Earrings,Women
"Effy Tanzanite Royale 14K White Gold Tanzanite & Diamond Earrings, 2.06 TCW",2250.0,4500.0,14K Gold,White,"Cushion Tanzanite 1.62, Round Diamond 0.44","3/4""",,,,,,,,,,,,,,,,,,,,,,,,,,,,Earrings,Women
"Effy 14K Yellow Gold Espresso, Black and White Diamond Earrings, 0.94 TCW",2555.0,3650.0,14K Gold,Yellow,Round Diamond 0.94,,,,"1/2""",,,,,,,,,,,,,,,,,,,,,,,,,Earrings,Women
"Effy 14K Gold Cultured Fresh Water Pearl & Diamond Earrings, 0.20 TCW",1295.0,1850.0,14K Gold,Yellow,"Round Pearl, Round Diamond 0.2","1.25""",,,,,,,,,,,,,,,,,,,,,,,,,,,,Earrings,Women
Effy 14K Yellow Gold Tahitian Pearl Earrings,206.5,295.0,14K Gold,Yellow,Round Pearl,1,,,,,,,,,,,,,,,5,,,,,,,,,,,,,Earrings,Women
Effy 14K Rose Gold Cultured Fresh Water Pearl Drop Earrings,206.5,295.0,14K Gold,Rose,Round Pearl,,,,,,,,,,,,,,,,,,,,,,3mm,,1,,,,,Earrings,Women
"Effy 14K White Gold Cultured Fresh Water Pearl & Diamond Earrings, 0.11 TCW",597.5,1195.0,14K Gold,White,"Round Pearl, Round Diamond 0.11",,,,,,,,,,,,,,,,,,,,,,8mm,,,,,,,Earrings,Women
"Effy 14K Yellow Gold Turquoise Hoop Earrings, 3.95 TCW",1606.5,2295.0,14K Gold,Yellow,"Oval Turquoise 3.95, Round Diamond 0.05",,"1""",,,,,,,,,,,,,,,,,,,,,,,,,,,Earrings,Women
"Effy 14K Yellow Gold Turquoise and Diamond Flower Earrings, 4.83 TCW",1816.5,2595.0,14K Gold,Yellow,"Oval Turquoise 4.7, Round Diamond 0.13","1.5""",,,,,,,,,,,,,,,,,,,,,,,,,,,,Earrings,Women
"Effy 925 Sterling Silver & 18K Gold Blue Sapphire Hoop Earrings, 1.00 TCW",1046.5,1495.0,Sterling Silver & 18K Gold,N/A,Round Blue Sapphire 1,"1""",,,,,,,,,,,,,,,,,,,,,,,,,,,,Earrings,Women
"Effy Bella Bleu 14K White Gold Blue Diamond Stud Earrings, 0.53 TCW",1147.5,2295.0,14K Gold,White,"Round Blue Diamond 0.49, Round Diamond 0.04,",,,,,,,,,,,,,,,,,,,,,,,,,,,,,Earrings,Women
"Effy 14K White Gold Black and White Diamond Earrings, 1.40 TCW",2347.5,4695.0,14K Gold,White,"Round Diamond 1.4, Round Black Diamond ",1.5 Inches,,,,,,,,,,,,,,,,,,,,,,,,,,,,Earrings,Women
"Effy 18K White Gold Diamond Solitaire Stud Earrings, 0.74 TCW",1750.0,3500.0,18K Gold,White,"Round Diamond 0.74,",,,,,,,,,,,,,,,,,,,,,,,,,,,,,Earrings,Women
"Effy 14K White Gold Topaz and Diamond Earrings, 18.21 TCW",1747.5,3495.0,14K Gold,White,"Pear Blue Topaz 18.05, Round Diamond 0.16","1.5""",,,,,,,,,,,,,,,,,,,,,,,,,,,,Earrings,Women
"Effy 14K Yellow Gold Pink Sapphire Huggie Hoops Earrings, 0.86 TCW",1046.5,1495.0,14K Gold,Yellow,"Round Pink Sapphire 0.86,",,,,,,,,,,,,,,,,,,,,,,,,,,,,,Earrings,Women
"Effy 925 Sterling Silver Citrine Earrings, 4.80 TCW",282.5,565.0,Sterling Silver,N/A,Cushion Citrine 4.8,"3/4""",,,,,,,,,,,,,,,,,,,,,,,,,,,,Earrings,Women
Effy 14K White Gold Cultured Fresh Water Pearl Drop Earrings,206.5,295.0,14K Gold,White,Round Pearl,1,,,,,,,,,,,,,,,5,,,,,,,,,,,,,Earrings,Women
"Effy D'Oro 14K Yellow Gold Diamond Hoop Earrings, 0.39 TCW",2240.0,3200.0,14K Gold,Yellow,"Round Diamond 0.39,",,,,,,,,,,,,,,,,,,,,,,,,,,,,,Earrings,Women
"Effy Seaside S. Silver Mix Gemstone & Diamond Starfish Earrings, 5.29 TCW",625.0,1250.0,Sterling Silver & 18K Gold,Yellow,"Multi Shape Multi Color 5.2, Round Diamond 0.09","3/4""",,,,,,,,,,,,,,,,,,,,,,,,,,,,Earrings,Women
"Effy 925 Mosaic Multi Gemstone Earrings, 1.62 TCW",432.5,865.0,Sterling Silver & 18K Gold,Yellow,"Multi Shape Multi Color 1.62,3/4"" Diameter, 3/8"" Wide",,,,,,,,,,,,,,,,,,,,,,,,,,,,,Earrings,Women
"Effy 14K Rose Gold Pink Quartz and Diamond Earrings, 24.36 TCW",2097.5,4195.0,14K Gold,Rose,"Multi Shape Pink Quartz 23.8, Round Diamond 0.56","1.5""",,,,,,,,,,,,,,,,,,,,,,,,,,,,Earrings,Women
"Effy 14K White Gold Smokey Quartz and Diamond Earrings, 4.23 TCW",537.5,1075.0,14K Gold,White,"Oval Smokey Quartz 4.15, Round Diamond 0.08","5/8""",,,,,,,,,,,,,,,,,,,,,,,,,,,,Earrings,Women
"Effy D'Oro 14K Yellow Gold Diamond Stud Earrings, 0.63 TCW",1300.0,2600.0,14K Gold,Yellow,Round Diamond 0.63,,,,"3/8""",,,,,,,,,,,,,,,,,,,,,,,,,Earrings,Women
"Effy 925 Sterling Silver & 18K Gold Diamond Earrings, 0.21 TCW",600.0,1200.0,Sterling Silver & 18K Gold,N/A,Round Diamond 0.21,"1/2""",,,,,,,,,,,,,,,,,,,,,,,,,,,,Earrings,Women
"Effy Eclipse 14K Yellow Gold Onyx and Diamond Geometric Earrings, 16.25 TCW",1425.0,2850.0,14K Gold,Yellow,"Fantasy Cut Onyx 15.85, Round Diamond 0.4","1.75""",,,,,,,,,,,,,,,,,,,,,,,,,,,,Earrings,Women
"Effy 14K White Gold Diamond Huggie Hoop Earrings,0.53 TCW",1497.5,2995.0,14K Gold,White,Round Diamond 0.53,"1/2""",,,,,,,,,,,,,,,,,,,,,,,,,,,,Earrings,Women
"Effy Canare 14K Two-Tone Gold  Yellow and White Diamond Earrings, 1.08 TCW",2695.0,3850.0,14K Gold,Yellow and White,"Round Yellow Diamond, Round Diamond ,",,,,,,,,,,,,,,,,,,,,,,,,,,,,,Earrings,Women
"Effy Ruby Royale 14K Yellow Gold Ruby Stud Earrings, 1.14 TCW",875.0,1250.0,14K Gold,Yellow,Round Ruby 1.14,,,,,,,,,,"1/4""",,,,,,,,,,,,,,,,,,,Earrings,Women
"Effy Ruby Royale 14K Rose Gold Ruby and Diamond Earrings, 2.68 TCW",1746.5,2495.0,14K Gold,Rose,"Multi Shape Ruby 2.6, Round Diamond 0.08","7/8""",,,,,,,,,,,,,,,,,,,,,,,,,,,,Earrings,Women
"Effy D'Oro 14K Yellow Gold Diamond Links Earrings, 0.32 TCW",1657.5,3315.0,14K Gold,Yellow,"Round Diamond 0.32,",,,,,,,,,,,,,,,,,,,,,,,,,,,,,Earrings,Women
"Effy Splash Sterling Silver Blue Sapphire Square Earrings, 3.56 TCW",836.5,1195.0,Sterling Silver,N/A,Round Blue Sapphire 3.56,"1/2""",,,,,,,,,,,,,,,,,,,,,,,,,,,,Earrings,Women
"Effy 14K White Gold Blue Sapphire & Diamond Chandelier Earrings, 8.12 TCW",4497.5,8995.0,14K Gold,White,"Multi Shape Blue Sapphire 7.51, Round Diamond 0.61","1.9""",,,,,,,,,,,,,,,,,,,,,,,,,,,,Earrings,Women
"Effy Gemma 14K Rose Gold Tanzanite and Diamond Earrings, 2.19 TCW",2250.0,4500.0,14K Gold,Rose,"Cushion Tanzanite 1.9, Round Diamond 0.29","1/2""",,,,,,,,,,,,,,,,,,,,,,,,,,,,Earrings,Women
"Effy 14K Yellow Gold Diamond Huggie Hoop Earrings,0.53 TCW",1497.5,2995.0,14K Gold,Yellow,"Round Diamond 0.53,",,,,,,,,,,,,,,,,,,,,,,,,,,,,,Earrings,Women
