Description,Discount_Price,Price,Metal,Metal Color,Stones,Length,Bracelet Length,Adjustable Length,"7"" Length. Pearl Sizes","7"" Length. Pearl Size",Size,Bolo Chain Max Length,Adjustable String,Bracelet Width,Width,"75"" Thickness",Top Width,Adjustable Chain,Thickness,Top Diameter,Adjustable Bolo Chain. Anchor Length,"5""  Width",Hinged Closure. Width,Size 7. Hinged Closure. Top Width,Hinged Closure. Top Width,Adjustable length,Information,Jewelry_Type,Sex
"Effy Ruby Royale 14K Rose Gold Ruby and Diamond Bangle, 1.16 TCW",3697.5,7395.0,14K Gold,Rose,"Round Ruby 0.82, Round Diamond 0.34,7"" Bangle",,,,,,,,,,,,,,,,,,,,,,,Bracelets,Women
"Effy Pave Classica 14K White Gold Diamond Tennis Bracelet, 1.77 TCW",5456.5,7795.0,14K Gold,White,"Round Diamond 1.77,7"" Bracelet",,,,,,,,,,,,,,,,,,,,,,,Bracelets,Women
"Effy Pave Classica 14K White Gold Diamond Bangle, 0.98 TCW",5316.5,7595.0,14K Gold,White,"Round Diamond 0.98,7"" Bangle",,,,,,,,,,,,,,,,,,,,,,,Bracelets,Women
"Effy 14K White Gold Espresso and White Diamond Bangle, 2.13 TCW",5736.5,8195.0,14K Gold,White,"Round Cognac Diamond 1.76, Round Diamond 0.37,7"" Bangle",,,,,,,,,,,,,,,,,,,,,,,Bracelets,Women
"Effy Mosaic 14K Yellow Gold Multi Gemstone and Diamond Bangle, 7.92 TCW",4655.0,6650.0,14K Gold,Yellow,"Emerald Cut Multi Color 7.5, Round Diamond 0.42,7"" Bangle",,,,,,,,,,,,,,,,,,,,,,,Bracelets,Women
"Effy Watercolors 14K Gold Multi Sapphire and Diamond Bangle, 2.80 TCW",4406.5,6295.0,14K Gold,Yellow,"Round Multi Sapphire 2.48, Round Diamond 0.32,7"" Bangle",,,,,,,,,,,,,,,,,,,,,,,Bracelets,Women
"Effy Watercolors 14K Gold Multi Sapphire and Diamond Bracelet, 5.83 TCW",6895.0,9850.0,14K Gold,Yellow,"Marquise Multi Sapphire 5.11, Round Diamond 0.72","7.5""",,,,,,,,,,,,,,,,,,,,,,Bracelets,Women
"Effy Classique 14K White Gold Diamond Wrap Bracelet, 1.18 TCW",6226.5,8895.0,14K Gold,White,"Baguette Diamond 1.18,",,,,,,,,,,,,,,,,,,,,,,,Bracelets,Women
"Effy Brasilica 14K Yellow Gold Emerald and Diamond Bracelet, 3.97 TCW",5775.0,8250.0,14K Gold,Yellow,"Marquise Emerald 3.78, Round Diamond 0.19","7.5""",,,,,,,,,,,,,,,,,,,,,,Bracelets,Women
"Effy 14K Yellow Gold Ruby and Diamond Tennis Bracelet, 10.08 TCW",4900.0,9800.0,14K Gold,Yellow,"Round Ruby 9.37, Round Diamond 0.71",,"7""",,,,,,,,,,,,,,,,,,,,,Bracelets,Women
"Effy 14K Yellow Gold Ruby and Diamond Tennis Bracelet, 3.85 TCW",3285.0,6570.0,14K Gold,Yellow,"Round Ruby 1.87, Round Diamond 1.98",,"7""",,,,,,,,,,,,,,,,,,,,,Bracelets,Women
"Effy 14K White Gold Diamond Tennis Bracelet, 6.50 TCW",14400.0,28800.0,14K Gold,White,Round Diamond 6.5,,"7""",,,,,,,,,,,,,,,,,,,,,Bracelets,Women
"Effy Novelty 14K Yellow Gold Onyx and Diamond Evil Eye Bracelet, 1.34 TCW",945.0,1350.0,14K Gold,Yellow,"Multi Shape Onyx 1.2, Round Diamond 0.14",,,"6""-7""",,,,,,,,,,,,,,,,,,,,Bracelets,Women
Effy 14K Yellow Gold Pearl Bracelet,486.5,695.0,14K Gold,Yellow,"Pearl,7"" Bracelet",,,,,,,,,,,,,,,,,,,,,,,Bracelets,Women
"Effy Canare 14K White Gold Yellow and White Diamond Bangle, 1.27 TCW",6786.5,9695.0,14K Gold,White,"Round Yellow Diamond 0.45, Round Diamond 0.82,7"" Bangle",,,,,,,,,,,,,,,,,,,,,,,Bracelets,Women
"Effy Aurora 14K Yellow Gold Opal and Diamond Bracelet, 4.16 TCW",2026.5,2895.0,14K Gold,Yellow,"Oval Opal 4.1, Round Diamond 0.06","7""",,,,,,,,,,,,,,,,,,,,,,Bracelets,Women
"Effy 14K Rose Gold Diamond Pave Bangle, 1.00 TCW",3747.5,7495.0,14K Gold,Rose,"Round Diamond 1,Size 7",,,,,,,,,,,,,,,,,,,,,,,Bracelets,Women
"Effy 14K Yellow Gold Espresso Diamond Pave Bangle, 3.12 TCW",5997.5,11995.0,14K Gold,Yellow,"Round Cognac Diamond 3.12,Size 7",,,,,,,,,,,,,,,,,,,,,,,Bracelets,Women
Effy 14K Yellow Gold Tahitian Pearl Bracelet,136.5,195.0,14K Gold,Yellow,Round Pearl,,,,5.5mm - 6mm,,,,,,,,,,,,,,,,,,,Bracelets,Women
Effy 14K White Gold Cultured Fresh Water Pearl Bracelet,136.5,195.0,14K Gold,White,Round Pearl,,,,,5.5mm,,,,,,,,,,,,,,,,,,Bracelets,Women
"14K Two Tone Gold Blue and White Diamond Crossover Bangle, 2.00 TCW",4025.0,5750.0,14K Gold,Yellow and White,Round Diamond 2,,,,,,"7""",,,,,,,,,,,,,,,,,Bracelets,Women
"14K Two Tone Gold Espresso and White Diamond Crossover Bangle, 2.00 TCW",4375.0,6250.0,14K Gold,Rose and White,Round Diamond 2,,,,,,"7""",,,,,,,,,,,,,,,,,Bracelets,Women
"14K White and Yellow Gold Diamond Crossover Bangle, 2.00 TCW",5215.0,7450.0,14K Gold,Yellow and White,Round Diamond 2,,,,,,"7""",,,,,,,,,,,,,,,,,Bracelets,Women
"Effy 14K White Gold Tanzanite & Diamond Tennis Bracelet, 14.74 TCW",6370.0,9100.0,14K Gold,White,"Round Tanzanite 14.25, Round Diamond 0.49","6.5""",,,,,,,,,,,,,,,,,,,,,,Bracelets,Women
"Effy Watercolors 14K White Gold Multi Sapphire and Diamond Bangle, 6.25 TCW",7350.0,10500.0,14K Gold,White,"Multi Shape Multi Sapphire 5.07, Round Diamond 1.18,",,,,,,,,,,,,,,,,,,,,,,,Bracelets,Women
"Effy 925 Sterling Silver Tanzanite Tennis Bracelet, 18.62 TCW",1956.5,2795.0,Sterling Silver,N/A,Trillion Tanzanite 18.62,"7""",,,,,,,,,,,,,,,,,,,,,,Bracelets,Women
"Effy Watercolors 14K Yellow Gold Multi Sapphire and Diamond Bracelet, 28.98 TCW",10500.0,21000.0,14K Gold,Yellow,"Oval Multi Sapphire 28.5, Round Diamond 0.48",7.25,,,,,,,,,,,,,,,,,,,,,,Bracelets,Women
"Effy 925 Sterling Silver Emerald Tennis Bracelet, 6.99 TCW",626.5,895.0,Sterling Silver,N/A,Oval Emerald 6.99,"7""",,,,,,,,,,,,,,,,,,,,,,Bracelets,Women
Effy Kidz 14K Yellow Gold Heart Bracelet. 0.01 TCW,400.0,800.0,14K Gold,Yellow,Round Diamond 0.01,,,"5"" - 6.5""",,,,,,,,,,,,,,,,,,,,Bracelets,Women
"Effy Pave Classica 14K White Gold Diamond Bracelet, 10.05 TCW",26596.5,37995.0,14K Gold,White,Round Diamond 10.05,,,,,,,,,,,,,,,,,,,,,,,Bracelets,Women
"Effy Pave Classica 14K White Gold Diamond Link Bracelet, 1.52 TCW",4826.5,6895.0,14K Gold,White,Round Diamond 1.52,"7""",,,,,,,,,,,,,,,,,,,,,,Bracelets,Women
"Effy 925 Sterling Silver Blue Topaz Tennis Bracelet, 9.55 TCW",385.0,550.0,Sterling Silver,N/A,Oval Blue Topaz 9.55,"7.5""",,,,,,,,,,,,,,,,,,,,,,Bracelets,Women
"Effy Pave Classica 14K White Gold Diamond Bangle, 1.38 TCW",4305.0,6150.0,14K Gold,White,Round Diamond 1.38,,,,,,"7""",,,,,,,,,,,,,,,,,Bracelets,Women
"Effy Pave Classica 14K White Gold Diamond Bangle, 1.42 TCW",4196.5,5995.0,14K Gold,White,Round Diamond 1.42,,,,,,"7""",,,,,,,,,,,,,,,,,Bracelets,Women
"Effy 925 Sterling Silver Blue Sapphire Tennis Bracelet, 6.99 TCW",626.5,895.0,Sterling Silver,N/A,Oval Blue Sapphire 6.99,"7.5""",,,,,,,,,,,,,,,,,,,,,,Bracelets,Women
"Effy Tanzanite Royale 14K Gold Tanzanite & Diamond Bracelet, 15.90 TCW",21486.5,30695.0,14K Gold,Yellow,"Oval Tanzanite 9.31, Round Diamond 6.59","6.5""",,,,,,,,,,,,,,,,,,,,,,Bracelets,Women
"Effy Novelty 14K Yellow Gold Onyx and Diamond Evil Eye Bracelet, 1.36 TCW",1186.5,1695.0,14K Gold,Yellow,"Round Onyx 1.2, Round Diamond 0.16",,,,,,,"8.5""",,,,,,,,,,,,,,,,Bracelets,Women
"Effy Signature Sterling Silver Panther String Bracelet, 0.04 TCW",385.0,550.0,Sterling Silver,N/A,"Round Diamond 0.02, Round Tsavorite 0.02",,,,,,,,"Up to 8""",,,,,,,,,,,,,,,Bracelets,Women
"Effy Duo 14K Two Tone Gold Diamond Crossover Bangle, 3.15 TCW",11550.0,16500.0,14K Gold,Yellow and White,"Multi Shape Diamond 3.15,",,,,,,,,,,,,,,,,,,,,,,,Bracelets,Women
"Effy D'Oro 14K Yellow Gold Diamond Bangle, 1.78 TCW",5005.0,7150.0,14K Gold,Yellow,"Round Diamond 1.78,",,,,,,,,,,,,,,,,,,,,,,,Bracelets,Women
"Effy Mosaic Sterling Silver Multi Gemstone Tennis Bracelet, 9.10 TCW",367.5,525.0,Sterling Silver,N/A,Oval Multi Color 9.1,"7.5""",,,,,,,,,,,,,,,,,,,,,,Bracelets,Women
"Effy 925 Sterling Silver & 18K Gold Blue Accented Topaz Bangle, 5.20 TCW",766.5,1095.0,Sterling Silver & 18K Gold,N/A,"Pear Blue Topaz 5.2,",,,,,,,,,,,,,,,,,,,,,,,Bracelets,Women
"Effy 925 Sterling Silver Blue Sapphire Bangle, 11.15 TCW",2147.5,4295.0,Sterling Silver,N/A,Round Blue Sapphire 11.15,,,,,,,,,"1/4""",,,,,,,,,,,,,,Bracelets,Women
"Effy Signature 14K Yellow Gold Diamond and Onyx Bracelet, 138.55 TCW",13996.5,19995.0,14K Gold,Yellow,"Round Onyx 135, Round Diamond 3.55",,,,,,,,,,,,,,,,,,,,,,,Bracelets,Women
"Effy Classique 14K White Gold Diamond Tennis Bracelet, 6.20 TCW",18060.0,25800.0,14K Gold,White,Multi Shape Diamond 6.2,"7""",,,,,,,,,,,,,,,,,,,,,,Bracelets,Women
"Effy Watercolors 14K Gold Multi Sapphire and Diamond Bracelet, 16.10 TCW",13296.5,18995.0,14K Gold,Yellow,"Emerald Cut Multi Sapphire 14.34, Round Diamond 1.76","7.5""",,,,,,,,,,,,,,,,,,,,,,Bracelets,Women
"Effy Watercolors 14K White Gold Multi Sapphire Tennis Bracelet, 1.28 TCW",3647.5,7295.0,14K Gold,White,Oval Multi Sapphire 10.28,"7.25""",,,,,,,,,,,,,,,,,,,,,,Bracelets,Women
"Effy Tanzanite Royale 14K White Gold Tanzanite and Diamond Bangle, 2.61 TCW",6436.5,9195.0,14K Gold,White,"Oval Tanzanite 1.71, Round Diamond 0.9",,,,,,,,,,"5/8""",,,,,,,,,,,,,Bracelets,Women
"Effy D'Oro 14K Yellow Gold Diamond Two-Of-Us Bangle, 0.39 TCW",3496.5,4995.0,14K Gold,Yellow,"Round Diamond 0.39,",,,,,,,,,,,,,,,,,,,,,,,Bracelets,Women
"Effy D'Oro 14K Yellow Gold Diamond Bangle, 1.00 TCW",3916.5,5595.0,14K Gold,Yellow,"Round Diamond 1,",,,,,,,,,,,,,,,,,,,,,,,Bracelets,Women
"Effy Kidz 14K White Gold Diamond Pave Heart Bracelet, 0.14 TCW",696.5,995.0,14K Gold,White,"Round Diamond 0.14,4""-6"" Adjustable Length",,,,,,,,,,,,,,,,,,,,,,,Bracelets,Women
"Effy D'Oro 14K Yellow Gold Bezel Set Diamond Tennis Bracelet, 3.65 TCW",12596.5,17995.0,14K Gold,Yellow,Round Diamond 3.65,"6.5""",,,,,,,,,,,,,,,,,,,,,,Bracelets,Women
"Effy Pave Classica 14K White Gold Diamond Tennis Bracelet, 3.53 TCW",9796.5,13995.0,14K Gold,White,Round Diamond 3.53,"7""",,,,,,,,,,,,,,,,,,,,,,Bracelets,Women
"Effy Seaside Silver and 18K Gold Blue Topaz Starfish Bangle, 26.80 TCW",1645.0,2350.0,Stainless Steel & 18K Gold,Yellow,Multi Shape Blue Topaz 26.8,,,,,,"7""",,,,,,,,,,,,,,,,,Bracelets,Women
"Effy Signature 14K Rose Gold Black Diamond & Emerald Bracelet, 0.44 TCW",1297.5,2595.0,14K Gold,Rose,"Round Black Diamond 0.42, Round Emerald 0.02",,,"6"" - 7.25""",,,,,,,,,,,,,,,,,,,,Bracelets,Women
"Effy Novelty 14K White Gold Diamond Crown String Bracelet, 0.12 TCW",766.5,1095.0,14K Gold,White,"Round Diamond 0.12,",,,,,,,,,,,,,,,,,,,,,,,Bracelets,Women
"Effy Novelty 14K White Gold Diamond Star String Bracelet, 0.18 TCW",976.5,1395.0,14K Gold,White,"Round Diamond 0.18,",,,,,,,,,,,,,,,,,,,,,,,Bracelets,Women
"Effy Ruby Royale 14K Gold Ruby and Diamond Tennis Bracelet, 15.58 TCW",7097.5,14195.0,14K Gold,Yellow,"Marquise Ruby 14.82, Round Diamond 0.76","7""",,,,,,,,,,,,,,,,,,,,,,Bracelets,Women
"Effy Ruby Royale Sterling Silver Ruby Tennis Bracelet, 6.99 TCW",626.5,895.0,14K Gold,N/A,Oval Ruby 6.99,6,,,,,,,,,,"1/4""",,,,,,,,,,,,Bracelets,Women
"Effy Royale Bleu 14K Gold Sapphire and Diamond Tennis Bracelet, 4.24 TCW",4196.5,5995.0,14K Gold,White,"Round Blue Sapphire 4.12, Round Diamond 0.12","7""",,,,,,,,,,,,,,,,,,,,,,Bracelets,Women
"Effy Royale Bleu 14K Gold Blue Sapphire and Diamond Bracelet, 9.68 TCW",10150.0,14500.0,14K Gold,White,"Square Blue Sapphire 8.55, Square Diamond 1.13",,,,,,,,,,,,,,,,,,,,,,,Bracelets,Women
"Effy Splash Sterling Silver Pink Sapphire and Ruby Bangle, 4.24 TCW",976.5,1395.0,Sterling Silver,N/A,"Round Pink Sapphire 4.24,",,,,,,,,,,,,,,,,,,,,,,,Bracelets,Women
"Effy Splash Sterling Silver Multi Sapphire Bangle, 10.50 TCW",1606.5,2295.0,Sterling Silver,N/A,Round Multi Sapphire 10.5,,,,,,,,,,,,"1/4""",,,,,,,,,,,Bracelets,Women
"Effy Splash Sterling Silver Pink Sapphire and Ruby Bangle, 10.19 TCW",1785.0,2550.0,Sterling Silver,N/A,Round Pink Sapphire 10.19,,,,,,,,,,,,"1/4""",,,,,,,,,,,Bracelets,Women
"Effy Splash Sterling Silver Multi Sapphire Bangle, 9.09 TCW",1396.5,1995.0,Sterling Silver,N/A,Round Multi Sapphire 9.09,,,,,,,,,,,,"3/8""",,,,,,,,,,,Bracelets,Women
"Effy Novelty 14K Gold Turquoise & Diamond Evil Eye Bracelet, 0.64 TCW",1155.0,1650.0,14K Gold,Yellow,"Round Turquoise 0.45, Round Diamond 0.19,Adjustable 8"" Bolo Chain",,,,,,,,,,,,,,,,,,,,,,,Bracelets,Women
"Effy Bella Bleu 14K White Gold Blue and White Diamond Bangle, 4.47 TCW",11060.0,15800.0,14K Gold,White,"Round Blue Diamond 2.67, Round Diamond 1.8",,,,,,,,,,"5/16""",,,,,,,,,,,,,Bracelets,Women
"Effy 14K Yellow Gold Turquoise Station Bracelet, 2.35 TCW",735.0,1050.0,14K Gold,Yellow,Round Turquoise 2.35,"7.5""",,,,,,,,,,,,,,,,,,,,,,Bracelets,Women
"Effy 14K Gold Cultured Fresh Water Pearl and Diamond Bracelet, 0.04 TCW",447.5,895.0,14K Gold,Yellow,"Round Pearl, Round Diamond 0.04",,,,,,,,,,,,,"6.5""- 7.25""",,,,,,,,,,Bracelets,Women
"Effy Bouquet 14K White Gold Diamond Tennis Bracelet, 5.03 TCW",11896.5,16995.0,14K Gold,White,Round Diamond 5.03,"7""",,,,,,,,,,,,,,,,,,,,,,Bracelets,Women
"Effy Canare 14K Gold Yellow and White Diamond Bangle, 3.40 TCW",12596.5,17995.0,14K Gold,Yellow and White,"Round Yellow Diamond 2.74, Round Diamond 0.66",,,,,,,,,,,,,,"1/4""",,,,,,,,,Bracelets,Women
"Effy 14K Yellow Gold Jade Bracelet, 202.00 TW",346.5,495.0,14K Gold,Yellow,Round Jade 202,"8""",,,,,,,,,,,,,,,,,,,,,,Bracelets,Women
Effy Signature 14K Rose Gold Diamond Panther Bangle. 1.96 TCW,6825.0,9750.0,14K Gold,Rose,"Round Diamond 1.63, Round Black Diamond 0.35, Round Tsavorite 0.02,",,,,,,,,,,,,,,,,,,,,,,,Bracelets,Women
"Effy Watercolors 14K Gold Multi Sapphire & Diamond Tennis Bracelet, 9.73 TW",3636.5,5195.0,14K Gold,Yellow,"Oval Multi Sapphire 9.62, Round Diamond 0.11","7""",,,,,,,,,,,,,,,,,,,,,,Bracelets,Women
"Effy Seaside 14K White Gold Diamond Whale's Tail Bangle, 0.46 TCW",2597.5,5195.0,14K Gold,White,"Round Diamond 0.46,",,,,,,,,,,,,,,,,,,,,,,,Bracelets,Women
"Effy 14K Rose Gold Multi Tourmaline and Diamond Tennis Bracelet, 11.52 TCW",3675.0,5250.0,14K Gold,Rose,"Oval Tourmaline 11.35, Round Diamond 0.17","7""",,,,,,,,,,,,,,,,,,,,,,Bracelets,Women
"Effy 925 Sterling Silver Diamond Bangle, 0.50 TCW",495.0,995.0,Sterling Silver,N/A,"Round Diamond 0.5,",,,,,,,,,,,,,,,,,,,,,,,Bracelets,Women
"Effy Signature Sterling Silver Diamond and Tsavorite Panther Bangle, 0.10 TCW",665.0,950.0,Sterling Silver,N/A,Round Diamond 0.1,"7""",,,,,,,,,,,,,,,,,,,,,,Bracelets,Women
"Effy 925 Sterling Silver & 18K Gold Blue Sapphire Woven Bracelet, 1.40 TCW",1046.5,1495.0,Sterling Silver & 18K Gold,N/A,Round Blue Sapphire 1.4,,,,,,,,,,,,,,,,,,,,,,,Bracelets,Women
Effy Seaside Sterling Silver & 18K Gold Anchor Bangle,385.0,550.0,Sterling Silver & 18K Gold,N/A,,,,,,,,,,,,,,,,,,,,,,,,Bracelets,Women
"Effy 925 Sterling Silver & 18K Gold Black Diamond Bangle, 0.09 TCW",626.5,895.0,Sterling Silver & 18K Gold,N/A,Round Black Diamond 0.09,,,,,,,,,,,,,,,,,,,,,,,Bracelets,Women
"Effy Seaside Sterling Silver and Diamond Whale's Tail Bracelet, 0.09 TCW",332.5,665.0,Sterling Silver,N/A,Round Diamond 0.09,"7""",,,,,,,,,,,,,,,,,,,,,,Bracelets,Women
"Effy Signature Sterling Silver Diamond and Tsavorite Panther Bangle, 0.10TCW",577.5,825.0,Sterling Silver,N/A,"Round Diamond 0.06, Round Tsavorite 0.04,",,,,,,,,,,,,,,,,,,,,,,,Bracelets,Women
Effy 14K Yellow Gold Cultured Fresh Water Pearl Bracelet,437.5,875.0,14K Gold,Yellow,"Round Pearl,10mm Pearl. Adjustable Bolo Chain.",,,,,,,,,,,,,,,,,,,,,,,Bracelets,Women
Effy 925 Sterling Silver & 18K Yellow Gold Cultured Fresh Water Pearl Bangle,385.0,550.0,Sterling Silver & 18K Gold,N/A,Round Pearl,,,,,,,,,,,,,,,"3/8""",,,,,,,,Bracelets,Women
"Effy Novelty 14K Yellow Gold Onyx and Diamond Hamsa Bracelet, 2.74 TCW",556.5,795.0,14K Gold,Yellow,"Round Onyx 2.66, Round Diamond 0.08",,,,,,,,"Up to 7.5""",,,,,,,,,,,,,,,Bracelets,Women
"Effy Pave Rose 14K Rose Gold Diamond Bangle, 2.10 TCW",6646.5,9495.0,14K Gold,Rose,"Round Diamond 2.1,",,,,,,,,,,,,,,,,,,,,,,,Bracelets,Women
"Effy Safari 14K Yellow Gold Diamond Dragon Bangle, 1.83 TCW",8050.0,11500.0,14K Gold,Yellow,"Round Diamond 1.83,",,,,,,,,,,,,,,,,,,,,,,,Bracelets,Women
"Effy Pave Classica 14K White Gold Bezel Set Diamond Tennis Bracelet, 1.69 TCW",5876.5,8395.0,14K Gold,White,Round Diamond 1.69,"6.5""",,,,,,,,,,,,,,,,,,,,,,Bracelets,Women
"Effy 925 Sterling Silver Ruby Heart Bracelet, 0.62 TCW",416.5,595.0,Sterling Silver,N/A,"Round Ruby 0.62,Adjustable Bolo Chain",,,,,,,,,,,,,,,,,,,,,,,Bracelets,Women
"Effy Seaside Sterling Silver Diamond Anchor Bracelet, 0.16 TCW",836.5,1195.0,Sterling Silver,N/A,Round Diamond 0.16,,,,,,,,,,,,,,,,"1""",,,,,,,Bracelets,Women
"Effy Pave Classica 14K White Gold Diamond Tennis Bracelet, 4.90 TCW",14560.0,20800.0,14K Gold,White,Round Diamond 4.9,"7""",,,,,,,,,,,,,,,,,,,,,,Bracelets,Women
"Effy Pave Classica 14K White Gold Diamond Tennis Bracelet, 0.51 TCW",2936.5,4195.0,14K Gold,White,Round Diamond 0.51,"7""",,,,,,,,,,,,,,,,,,,,,,Bracelets,Women
"Effy Pave Classica 14K White Gold Diamond Tennis Bracelet, 1.03 TCW",5106.5,7295.0,14K Gold,White,Round Diamond 1.03,"7""",,,,,,,,,,,,,,,,,,,,,,Bracelets,Women
"Effy Tanzanite Royale Sterling Silver Tanzanite Tennis Bracelet, 15.60 TCW",3146.5,4495.0,Sterling Silver,N/A,Round Tanzanite 15.6,"7""",,,,,,,,,,,,,,,,,,,,,,Bracelets,Women
"Effy Tanzanite Royale Sterling Silver Tanzanite Bracelet, 26.69 TCW",2300.0,4600.0,Sterling Silver,N/A,Oval Tanzanite 26.69,7,,,,,,,,,,,,,,,,"1/2""",,,,,,Bracelets,Women
"Effy Tanzanite Royale Sterling Silver Tanzanite Tennis Bracelet, 19.80 TCW",1495.0,,Sterling Silver,N/A,Oval Tanzanite 19.8,,,,,,,,,,,,,,,,,,,,,,,Bracelets,Women
"Effy 14K White Gold Diamond Tennis Bracelet, 12.00 TCW",41996.5,59995.0,14K Gold,White,Round Diamond 12,"7""",,,,,,,,,,,,,,,,,,,,,,Bracelets,Women
"Effy 14K White Gold Diamond Tennis Bracelet, 9.00 TCW",30796.5,43995.0,14K Gold,White,Round Diamond 9,"7""",,,,,,,,,,,,,,,,,,,,,,Bracelets,Women
"Effy 14K Yellow Gold Onyx and Diamond Bangle, 8.02 TCW",4875.0,9750.0,14K Gold,Yellow,"Oval Onyx 7.9, Round Diamond 0.12",,,,,,,,,,,,"1""",,,,,,,,,,,Bracelets,Women
"Effy Seaside 14K Tri Color Gold Diamond Starfish Bracelet, 0.28 TCW",1536.5,2195.0,14K Gold,Three Tone,"Round Diamond 0.28,Adjustable length up to 8.5""",,,,,,,,,,,,,,,,,,,,,,,Bracelets,Women
"Effy Seaside 14K Gold Blue Sapphire & Diamond Starfish Bracelet, 1.06 TCW",3496.5,4995.0,14K Gold,White,"Round Blue Sapphire 0.72, Round Diamond 0.34,",,,,,,,,,,,,,,,,,,,,,,,Bracelets,Women
"Effy Kidz 14K White Gold Diamond Butterfly Bracelet, 0.10 TCW",486.5,695.0,14K Gold,White,Round Diamond 0.1,,,,,,,,,,,,,"5""-6.5""",,,,,,,,,,Bracelets,Women
"Effy Watercolors 14K Yellow Gold Multi-Sapphire Tennis Bracelet, 8.05 TCW",4896.5,6995.0,14K Gold,Yellow,"Round Multi Sapphire 8.05,",,,,,,,,,,,,,,,,,,,,,,,Bracelets,Women
"Effy Watercolors 14K Yellow Gold Multi-Sapphire Diamond Bracelet, 14.51 TCW",5845.0,8350.0,14K Gold,Yellow,"Emerald Cut Multi Sapphire 14.25, Round Diamond 0.26,",,,,,,,,,,,,,,,,,,,,,,,Bracelets,Women
"Effy Watercolors 14K Yellow Gold Multi-Sapphire and Dia Bracelet, 7.66 TCW",8260.0,11800.0,14K Gold,Yellow,"Square Multi Sapphire 6.18, Round Diamond 1.48,",,,,,,,,,,,,,,,,,,,,,,,Bracelets,Women
"Effy Brasilica 14K White Gold Emerald and Diamond Tennis Bracelet, 4.78 TCW",8260.0,11800.0,14K Gold,White,"Round Emerald 2.62, Round Diamond 2.16,",,,,,,,,,,,,,,,,,,,,,,,Bracelets,Women
"Effy Ruby Royale 14K White Gold Ruby and Diamond Tennis Bracelet, 5.22 TCW",7560.0,10800.0,14K Gold,White,"Round Ruby 3.06, Round Diamond 2.16,",,,,,,,,,,,,,,,,,,,,,,,Bracelets,Women
"Effy Royale Bleu 14K Gold Sapphire and Diamond Tennis Bracelet, 5.22 TCW",6996.5,9995.0,14K Gold,White,"Round Blue Sapphire 3.06, Round Diamond 2.19,",,,,,,,,,,,,,,,,,,,,,,,Bracelets,Women
"Effy Tanzanite Royale 14K White Gold Tanzanite Diamond Bangle, 4.76 TCW",3706.5,5295.0,14K Gold,White,"Trillion Tanzanite 4.56, Round Diamond 0.2,",,,,,,,,,,,,,,,,,,,,,,,Bracelets,Women
"Effy D'Oro 14K Yellow Gold Diamond Bangle, 0.77 TCW",5600.0,8000.0,14K Gold,Yellow,"Round Diamond 0.77,",,,,,,,,,,,,,,,,,,,,,,,Bracelets,Women
"Effy Pave Classica 14K White Gold Diamond Bangle, 1.47 TCW",4375.0,6250.0,14K Gold,White,"Round Diamond 1.47,",,,,,,,,,,,,,,,,,,,,,,,Bracelets,Women
"Effy Duo 14K 2 Tone Gold Diamond Link Tennis Bracelet, 1.52 TCW",5596.5,7995.0,14K Gold,Yellow and White,Round Diamond 1.52,,"7""",,,,,,,,,,,,,,,,,,,,,Bracelets,Women
"Effy Pave Classica 14K White Gold Diamond Tennis Bracelet, 3.76 TCW",7847.5,15695.0,14K Gold,White,"Round Diamond 3.76,7.5"" Length",,,,,,,,,,,,,,,,,,,,,,,Bracelets,Women
"Effy Watercolors 14K Gold Multi Sapphire & Diamond Bracelet, 24.54 TCW",14696.5,20995.0,14K Gold,Yellow,"Oval Multi Sapphire 22.78, Round Diamond 1.76","7""",,,,,,,,,,,,,,,,,,,,,,Bracelets,Women
"Effy Classique 14K White Gold Diamond Bangle, 3.21 TCW",15785.0,22550.0,14K Gold,White,Baguette Diamond 3.21,"7""",,,,,,,,,,,,,,,,,,,,,,Bracelets,Women
"Effy Novelty 14K Gold Sapphire & Diamond Evil Eye String Bracelet, 0.56 TW",1155.0,1650.0,14K Gold,White,"Round Blue Sapphire 0.33, Round Diamond 0.23,",,,,,,,,,,,,,,,,,,,,,,,Bracelets,Women
"Effy Mosaic 14K Yellow Gold Multi Gemstone and Diamond Bangle, 24.97 TCW",6716.5,9595.0,14K Gold,Yellow,"Multi Shape Multi Color 24.88, Round Diamond 0.09",,,,,,"7.5""",,,,,,,,,,,,,,,,,Bracelets,Women
"Effy Signature 14K Yellow Gold and Diamond Bangle, 0.19 TCW",4196.5,5995.0,14K Gold,Yellow,"Round Diamond 0.19,",,,,,,,,,,,,,,,,,,,,,,,Bracelets,Women
"Effy Royale Bleu 14K White Gold Sapphire and Diamond Bracelet, 7.66 TCW",9450.0,13500.0,14K Gold,White,"Square Blue Sapphire 6.18, Round Diamond 1.48","7""",,,,,,,,,,,,,,,,,,,,,,Bracelets,Women
"Effy 14K Yellow Gold Tanzanite and Diamond Bracelet, 2.68 TCW",8050.0,11500.0,14K Gold,Yellow,"Trillion Tanzanite 2.28, Round Diamond 0.4","7.5""",,,,,,,,,,,,,,,,,,,,,,Bracelets,Women
"Effy Brasilica 14K Yellow Gold Emerald and Diamond Bracelet, 11.01 TCW",5246.5,7495.0,14K Gold,Yellow,"Oval Emerald 10.69, Round Diamond 0.32","7""",,,,,,,,,,,,,,,,,,,,,,Bracelets,Women
"Effy Tanzanite Royale Sterling Silver Tanzanite Bracelet, 7.45 TCW",295.0,550.0,Sterling Silver,N/A,Trillion Tanzanite 7.45,"7""",,,,,,,,,,,,,,,,,,,,,,Bracelets,Women
"Effy Pave Rose 14K Gold Diamond Bangle, 1.49 TCW",6825.0,9750.0,14K Gold,Rose,Round Diamond 1.49,,,,,,,,,,"1.25""",,,,,,,,,,,,,Bracelets,Women
"Effy Watercolors 14K White Gold Multi Sapphire & Diamond Bracelet, 7.66 TCW",8396.5,11995.0,14K Gold,White,"Square Multi Sapphire 6.18, Round Diamond 1.48","7""",,,,,,,,,,,,,,,,,,,,,,Bracelets,Women
"Effy Tanzanite Royale 14K Gold Tanzanite & Diamond Bracelet, 12.10 TCW",7350.0,10500.0,14K Gold,White,"Trillion Tanzanite 11.4, Round Diamond 0.7","7.5""",,,,,,,,,,,,,,,,,,,,,,Bracelets,Women
"Effy Tanzanite Royale Sterling Silver Tanzanite Tennis Bracelet, 11.40 TCW",695.0,,Sterling Silver,N/A,Trillion Tanzanite 11.4,"7.25""",,,,,,,,,,,,,,,,,,,,,,Bracelets,Women
"Effy Signature 14K White Gold Emerald and Diamond Panther Bangle, 3.87 TCW",15816.5,22595.0,14K Gold,White,"Round Diamond 3.8, Round Emerald 0.07,",,,,,,,,,,,,,,,,,,,,,,,Bracelets,Women
Effy 14K Yellow Gold Multi Color Cultured Pearl Bracelet,136.5,195.0,14K Gold,Yellow,Round Pearl,"7.5""",,,,,,,,,,,,,,,,,,,,,,Bracelets,Women
"Effy 925 Sterling Silver Diamond Accented Bracelet, 0.17 TCW",735.0,1050.0,Sterling Silver,N/A,Round Diamond 0.17,"6.5"" Adjustable to 10""",,,,,,,,,,,,,,,,,,,,,,Bracelets,Women
"Effy 925 Sterling Silver & 18K Gold Diamond Accented Bangle, 0.07 TCW",1046.5,1495.0,Sterling Silver & 18K Gold,Yellow,"Round Diamond 0.07,",,,,,,,,,,,,,,,,,,,,,,,Bracelets,Women
"Effy Watercolors 14K Gold Multi Sapphire and Diamond Bracelet, 8.96 TCW",3916.5,5595.0,14K Gold,Yellow,"Oval Multi Sapphire 8.72, Round Diamond 0.24","7""",,,,,,,,,,,,,,,,,,,,,,Bracelets,Women
"Effy 925 Sterling Silver Diamond Accent Bracelet, 0.15 TCW",696.5,995.0,Sterling Silver,N/A,"Round Diamond 0.15,Adjustable Length",,,,,,,,,,,,,,,,,,,,,,,Bracelets,Women
"Effy 925 Sterling Silver Diamond Panther Bracelet, 0.05 TCW",577.5,825.0,Sterling Silver,N/A,"Round Diamond 0.05,Adjustable Length",,,,,,,,,,,,,,,,,,,,,,,Bracelets,Women
"Effy 925 Sterling Silver Pearl with Diamond Accent Bracelet, 0.10 TCW",682.5,975.0,Sterling Silver,N/A,"Pearl, Round Diamond 0.1,Adjustable Length",,,,,,,,,,,,,,,,,,,,,,,Bracelets,Women
"Effy 925 Sterling Silver Diamond Duo Panther Bracelet, 0.10 TCW",766.5,1095.0,Sterling Silver,N/A,"Round Diamond 0.1,Adjustable Length",,,,,,,,,,,,,,,,,,,,,,,Bracelets,Women
"Effy Watercolors 14K Gold Multi Sapphire & Diamond Bracelet, 11.09 TCW",6965.0,9950.0,14K Gold,Yellow,"Marquise Multi Sapphire 10.58, Round Diamond 0.51","7.25""",,,,,,,,,,,,,,,,,,,,,,Bracelets,Women
"Effy Novelty 14K Rose Gold Diamond Heart Bracelet, 0.10 TCW",665.0,950.0,14K Gold,Rose,"Round Diamond 0.1,",,,,,,,,,,,,,,,,,,,,,,,Bracelets,Women
"Effy Novelty 14K Yellow Gold Sapphire & Diamond Evil Eye Bracelet, 0.43 TCW",906.5,1295.0,14K Gold,Yellow,"Round Blue Sapphire 0.28, Round Diamond 0.15,",,,,,,,,,,,,,,,,,,,,,,,Bracelets,Women
"Effy Novelty 14K Yellow Gold Diamond Infinity Bracelet, 0.12 TCW",626.5,895.0,14K Gold,Yellow,"Round Diamond 0.12,",,,,,,,,,,,,,,,,,,,,,,,Bracelets,Women
"Effy Novelty 14K White Gold Diamond Infinity String Bracelet, 0.11 TCW",665.0,950.0,14K Gold,White,"Round Diamond 0.11,",,,,,,,,,,,,,,,,,,,,,,,Bracelets,Women
"Effy Novelty 14K White Gold Sapphire Anchor String Bracelet, 0.15 TCW",556.5,795.0,14K Gold,White,"Round Blue Sapphire 0.15,",,,,,,,,,,,,,,,,,,,,,,,Bracelets,Women
"Effy Novelty 14K Rose Gold Diamond Heart String Bracelet, 0.13 TCW",696.5,995.0,14K Gold,Rose,"Round Diamond 0.13,",,,,,,,,,,,,,,,,,,,,,,,Bracelets,Women
"Effy 925 Sterling Silver & 18K Yellow Gold Diamond Bracelet, 2.30 TCW",1365.0,1950.0,Sterling Silver & 18K Gold,Yellow,Round Diamond 0.39,"8""",,,,,,,,,,,,,,,,,,,,,,Bracelets,Women
"Effy Watercolors 14K Gold Multi Sapphire and Diamond Bangle, 9.95 TCW",7350.0,10500.0,14K Gold,Yellow,"Oval Multi Sapphire 9.78, Round Diamond 0.17,",,,,,,,,,,,,,,,,,,,,,,,Bracelets,Women
"Effy 14K White Gold Diamond Bangle, 1.46 TCW",9497.5,18995.0,14K Gold,White,Round Diamond 1.46,,,,,,,,,,,,"1.25""",,,,,,,,,,,Bracelets,Women
"Effy Men's Sterling Silver and Leather Turquoise Bracelet, 5.40 TCW",346.5,495.0,Sterling Silver,N/A,Rectangle Turquoise 5.4,"8""",,,,,,,,,,,,,,,,,,,,,,Bracelets,Women
"Effy Pave Classica 14K White Gold Diamond Tennis Bracelet, 1.99 TCW",5997.5,11995.0,14K Gold,White,Round Diamond 1.99,"6.75""",,,,,,,,,,,,,,,,,,,,,,Bracelets,Women
"Effy 925 Sterling Silver Multi Sapphire Splash Bangle, 4.23 TCW",945.0,1350.0,Sterling Silver,N/A,"Round Multi Sapphire 4.23,",,,,,,,,,,,,,,,,,,,,,,,Bracelets,Women
"Effy Ruby Royale 14K Yellow Gold Ruby and Diamond Bangle, 6.25 TCW",6716.5,9595.0,14K Gold,Yellow,"Marquise Ruby 5.7, Round Diamond 0.55,",,,,,,,,,,,,,,,,,,,,,,,Bracelets,Women
"Effy Duo 14K White and Yellow Gold Diamond Links Bracelet, 2.01 TCW",6296.5,8995.0,14K Gold,Yellow and White,Multi Shape Diamond 2.01,"7.5""",,,,,,,,,,,,,,,,,,,,,,Bracelets,Women
"Effy Ruby Royale 14K Yellow Gold Ruby and Diamond Bracelet, 12.19 TCW",3216.5,4595.0,14K Gold,Yellow,"Oval Ruby 11.97, Round Diamond 0.22","7.5""",,,,,,,,,,,,,,,,,,,,,,Bracelets,Women
Effy 14K Yellow Gold Cultured Fresh Water Pearl Bracelet,770.0,1100.0,14K Gold,Yellow,Round Pearl,"8""",,,,,,,,,,,,,,,,,,,,,,Bracelets,Women
"Effy 925 Sterling Silver & 18K Gold Accented Diamond Bangle, 0.45 TCW",1396.5,1995.0,Sterling Silver & 14K Gold,Yellow,"Round Diamond 0.45,",,,,,,,,,,,,,,,,,,,,,,,Bracelets,Women
"Effy Geo 14K White Gold Diamond Bangle, 1.92 TCW",6250.0,12500.0,14K Gold,White,"Round Diamond 1.92,",,,,,,,,,,,,,,,,,,,,,,,Bracelets,Women
"Effy 925 Sterling Silver Diamond Accented Bangle, 0.35 TCW",1197.5,2395.0,Sterling Silver,N/A,"Round Diamond 0.35,",,,,,,,,,,,,,,,,,,,,,,,Bracelets,Women
"Effy 925 Sterling Silver Onyx and Diamond Bangle, 4.26 TCW",665.0,950.0,Sterling Silver,N/A,"Cushion Onyx 4.2, Round Diamond 0.06,",,,,,,,,,,,,,,,,,,,,,,,Bracelets,Women
"Effy 14K Rose Gold Diamond Shema Israel Bracelet, 1.25 TCW",8750.0,17500.0,14K Gold,Rose,"Round Diamond 1.25,",,,,,,,,,,,,,,,,,,,,,,,Bracelets,Women
"Effy 14K Yellow Gold Diamond Filigree Bangle, 0.62 TCW",5497.5,10995.0,14K Gold,Yellow,"Round Diamond 0.62,",,,,,,,,,,,,,,,,,,,,,,,Bracelets,Women
"Effy Seaside Sterling Silver Diamond Turtle Bracelet, 0.07 TCW",297.5,595.0,Sterling Silver,N/A,Round Diamond 0.07,"7.25""",,,,,,,,,,,,,,,,,,,,,,Bracelets,Women
"Effy Duo 14K Yellow and White Gold Diamond Bangle, 0.60 TCW",4546.5,6495.0,14K Gold,Yellow and White,"Round Diamond 0.6,",,,,,,,,,,,,,,,,,,,,,,,Bracelets,Women
"Effy Signature 14K Rose Gold Diamond and Tsavorite Bangle, 0.79 TCW",4060.0,5800.0,14K Gold,Rose,"Round Diamond 0.75, Round Tsavorite 0.04,",,,,,,,,,,,,,,,,,,,,,,,Bracelets,Women
"Effy Gemma 14K White Gold Natural Blue Sapphire & Diamond Bangle, 7.82 TCW",6436.5,9195.0,14K Gold,White,"Multi Shape Blue Sapphire 7.31, Round Diamond 0.51,",,,,,,,,,,,,,,,,,,,,,,,Bracelets,Women
"Effy Royale Bleu 14K White Gold Natural Blue Sapphire & Diamond Bangle, 3.60 TCW",4196.5,5995.0,14K Gold,White,"Square Blue Sapphire 3.14, Round Diamond 0.46,",,,,,,,,,,,,,,,,,,,,,,,Bracelets,Women
"Effy Gemma 14K Yellow Gold Emerald and Diamond Bangle, 2.97 TCW",4406.5,6295.0,14K Gold,Yellow,"Square Emerald 2.51, Round Diamond 0.46,",,,,,,,,,,,,,,,,,,,,,,,Bracelets,Women
"Effy Bella Bleu 14K White Gold Blue and White Diamond Bangle, 1.17 TCW",5246.5,7495.0,14K Gold,White,"Round Diamond 1.17,",,,,,,,,,,,,,,,,,,,,,,,Bracelets,Women
"Effy 925 Sterling Silver & 18K Yellow Gold Diamond Bracelet, 0.53 TCW",1536.5,2195.0,Sterling Silver & 18K Gold,Yellow,Round Diamond 0.53,"8.25""",,,,,,,,,,,,,,,,,,,,,,Bracelets,Women
"Effy Mosaic 14K Yellow Gold Blue Topaz, Amethyst, Citrine & Diamond Bangle",6250.0,12500.0,14K Gold,Yellow,"Multi Shape Multi Color 27.15, Round Diamond 0.23",,,,,,,,,,,,,,,,,,"3/4""",,,,,Bracelets,Women
"Effy Bouquet 14K White Gold Diamond Clusters Tennis Bracelet, 3.14 TCW",6926.5,9895.0,14K Gold,White,Round Diamond 3.14,"7""",,,,,,,,,,,,,,,,,,,,,,Bracelets,Women
"Effy Brasilica 14K Yellow Gold Emerald & Diamond Tennis Bracelet, 9.56 TCW",3076.5,4395.0,14K Gold,Yellow,"Oval Emerald 9.31, Round Diamond 0.25","7.5""",,,,,,,,,,,,,,,,,,,,,,Bracelets,Women
"Effy Watercolors 14K Yellow Gold Multi Sapphire & Diamond Bangle, 3.60 TCW",4196.5,5995.0,14K Gold,Yellow,"Square Multi Sapphire 3.14, Round Diamond 0.46,",,,,,,,,,,,,,,,,,,,,,,,Bracelets,Women
"Effy Mosaic 14K Yellow Gold Multi Gemstone Bracelet, 2.47 TCW",682.5,975.0,14K Gold,Yellow,Round Multi Color 2.47,"7.25""",,,,,,,,,,,,,,,,,,,,,,Bracelets,Women
"Effy Bella Bleu 14K Rose Gold Blue and White Diamond Bangle, 4.47 TCW",11060.0,15800.0,14K Gold,Rose,Round Diamond 4.47,,,,,,,,,,"5/16""",,,,,,,,,,,,,Bracelets,Women
"Effy D'Oro 14K Yellow Gold Diamond Filigree Bangle, 0.62 TCW",4375.0,8750.0,14K Gold,Yellow,"Round Diamond 0.62,",,,,,,,,,,,,,,,,,,,,,,,Bracelets,Women
"Effy D'Oro 14K Yellow Gold Diamond Bangle, 1.81 TCW",6086.5,8695.0,14K Gold,Yellow,"Multi Shape Diamond 1.81,",,,,,,,,,,,,,,,,,,,,,,,Bracelets,Women
"Effy Gemma 14K White Gold Blue Sapphire and Diamond Bracelet, 9.16 TCW",6370.0,9100.0,14K Gold,White,"Square Blue Sapphire 8.25, Round Diamond 0.91","6.75""",,,,,,,,,,,,,,,,,,,,,,Bracelets,Women
"Effy 14K Yellow Gold Peridot Bangle, 2.13 TCW",,,14K Gold,Yellow,"Round Peridot 2.13,",,,,,,,,,,,,,,,,,,,,,,,Bracelets,Women
"Effy Geo 14K Yellow Gold Oval Amethyst and Diamond Bangle, 8.57 TCW",8250.0,16500.0,14K Gold,Yellow,"Oval Amethyst 6.46, Round Diamond 2.11",,,,,,,,,,"1.13""",,,,,,,,,,,,,Bracelets,Women
"Effy Watercolors 14K Yellow Gold Sapphire and Diamond Bracelet, 11.20 TCW",4406.5,6295.0,14K Gold,Yellow,"Oval Multi Sapphire 10.83, Round Diamond 0.37","7""",,,,,,,,,,,,,,,,,,,,,,Bracelets,Women
"Effy Classique 14K White Gold Diamond Bangle, 1.81 TCW",5600.0,8000.0,14K Gold,White,"Baguette Diamond 1.38, Round Diamond 0.43,",,,,,,,,,,,,,,,,,,,,,,,Bracelets,Women
"Effy D'Oro 14K Yellow Gold Pave Diamond Bangle, 1.20 TCW",4097.5,8195.0,14K Gold,Yellow,"Round Diamond 1.2,Size 7",,,,,,,,,,,,,,,,,,,,,,,Bracelets,Women
"Effy Novelty 14K White Gold Sapphire & Diamond Evil Eye Bracelet, 0.43 TCW",906.5,1295.0,14K Gold,White,"Round Blue Sapphire 0.28, Round Diamond 0.15",,,"6"", 6.5"" and 7""",,,,,,,,,,,,,,,,,,,,Bracelets,Women
"Effy Royale Bleu 14K White Gold Blue Sapphire & Diamond Bangle, 1.47 TCW",3290.0,4700.0,14K Gold,White,"Round Blue Sapphire 1.12, Round Diamond 0.35,",,,,,,,,,,,,,,,,,,,,,,,Bracelets,Women
"Effy D'Oro 14K Yellow Gold Diamond Bangle, 1.01 TCW",6436.5,9195.0,14K Gold,Yellow,"Round Diamond 1.01,",,,,,,,,,,,,,,,,,,,,,,,Bracelets,Women
"Effy 925 Sterling Silver & 18K Gold Multi Gemstone Bracelet, 3.25 TCW",910.0,1300.0,Sterling Silver & 18K Gold,Yellow,Multi Shape Multi Color 3.25,"7.5""",,,,,,,,,,,,,,,,,,,,,,Bracelets,Women
"Effy Signature 14K Rose Gold Diamond and Emerald Bangle, 1.05 TCW",3647.5,7295.0,14K Gold,Rose,"Round Diamond 1.03, Round Emerald 0.02,",,,,,,,,,,,,,,,,,,,,,,,Bracelets,Women
"Effy Signature 14K Rose Gold Diamond and Emerald Bangle, 2.54 TCW",8497.5,16995.0,14K Gold,Rose,"Round Diamond 2.52, Round Emerald 0.02,",,,,,,,,,,,,,,,,,,,,,,,Bracelets,Women
"Effy Signature 14K Rose Gold Emerald and Diamond Panther Bangle, 5.23 TCW",12050.0,24100.0,14K Gold,Rose,"Oval Emerald 2.17, Round Diamond 3.06,",,,,,,,,,,,,,,,,,,,,,,,Bracelets,Women
"Effy Ruby Royale 14K Rose Gold Ruby and Diamond Bangle, 3.93 TCW",4896.5,6995.0,14K Gold,Rose,"Baguette Ruby 3.47, Round Diamond 0.46,",,,,,,,,,,,,,,,,,,,,,,,Bracelets,Women
"Effy Signature 14K Rose Gold Diamond and Emerald Bangle, 2.89 TCW",8997.5,17995.0,14K Gold,Rose,"Round Diamond 2.81, Round Emerald 0.08,",,,,,,,,,,,,,,,,,,,,,,,Bracelets,Women
"Effy Watercolors 14K Yellow Gold Multi Sapphire & Diamond Bangle, 6.02 TCW",5946.5,8495.0,14K Gold,Yellow,"Multi Shape Multi Sapphire 4.88, Round Diamond 1.14,",,,,,,,,,,,,,,,,,,,,,,,Bracelets,Women
"Signature 14K Rose Gold Diamond and Tsavorite Garnet Bracelet, 0.18 TCW",836.5,1195.0,14K Gold,Rose,"Round Diamond 0.16, Round Tsavorite 0.02,Length Adjustable from 6"" to 7.5"". Panther size"" 3/8""x3/8""",,,,,,,,,,,,,,,,,,,,,,,Bracelets,Women
"Effy 925 Sterling Silver Blue Sapphire Bangle, 2.18 TCW",1022.5,2045.0,Sterling Silver,N/A,Round Blue Sapphire 2.18,,,,,,,,,,,,,,,,,,,"1/2""",,,,Bracelets,Women
"Effy Signature 14K 2-Tone Gold Diamond and Emerald 7"" Bracelet, 1.35 TCW",6016.5,8595.0,14K Gold,Yellow and White,"Round Diamond 1.25, Round Emerald 0.1,",,,,,,,,,,,,,,,,,,,,,,,Bracelets,Women
"Pave Rose 14K Rose Gold Diamond Bangle, 1.05 TCW",5246.5,7495.0,14K Gold,Rose,"Round Diamond 1.05,",,,,,,,,,,,,,,,,,,,,,,,Bracelets,Women
"Gemma Blue Sapphire & Diamond Bracelet, 6.50 TCW",7897.5,15795.0,14K Gold,White,"Oval Blue Sapphire 4.08, Round Diamond 2.42","6.5""",,,,,,,,,,,,,,,,,,,,,,Bracelets,Women
"Effy 14K White Gold Black and White Diamond Bangle, 1.26 TCW",5386.5,7695.0,14K Gold,White,"Round Diamond 1.26,",,,,,,,,,,,,,,,,,,,,,,,Bracelets,Women
"Effy Signature 14K Yellow Gold Diamond and Emerald Bangle, 3.46 TCW",11550.0,16500.0,14K Gold,Yellow,"Round Diamond 3.42, Round Emerald 0.04,",,,,,,,,,,,,,,,,,,,,,,,Bracelets,Women
"Effy Pave Rose 14K Rose Gold Diamond Bangle, 1.28 TCW",4497.5,8995.0,14K Gold,Rose,Round Diamond 1.28,,,,,,,,,,,,,,,,,,,,"1.13""",,,Bracelets,Women
"Effy Signature 14K 2-Tone Gold Diamond & Emerald Bangle, 0.69 TCW",3496.5,4995.0,14K Gold,Rose and Yellow,"Round Diamond, Round Black Diamond , Round Emerald 0.05,Size 7",,,,,,,,,,,,,,,,,,,,,,,Bracelets,Women
"Effy Espresso 14K Yellow Gold Diamond Filigree Bangle, 2.03 TCW",9450.0,13500.0,14K Gold,Yellow,"Round Diamond, Round Cognac Diamond ,Size 7",,,,,,,,,,,,,,,,,,,,,,,Bracelets,Women
"Effy 925 Braided Sterling Silver Blue Sapphire Bracelet, 1.48 TCW",747.5,1495.0,Sterling Silver,N/A,"Round Blue Sapphire 1.58,",,,,,,,,,,,,,,,,,,,,,,,Bracelets,Women
"Effy 925 Classic Sterling Silver & 18K Gold Diamond Bangle, 0.28 TCW",1197.5,2395.0,Sterling Silver & 18K Gold,Yellow,Round Diamond 0.28,,,,,,,,,,,,,,,,,,"1""",,,,,Bracelets,Women
"Effy 925 Braided Sterling Silver Diamond Heart Bracelet, 0.23 TCW",976.5,1395.0,Sterling Silver,N/A,"Round Diamond 0.22,",,,,,,,,,,,,,,,,,,,,,,,Bracelets,Women
"Effy Espresso 14K Rose Gold Cognac and White Diamond Bangle, 1.26 TCW",5246.5,7495.0,14K Gold,Rose,"Round Diamond 1.26,Size 7",,,,,,,,,,,,,,,,,,,,,,,Bracelets,Women
"Effy Bouquet 14K White Gold Diamond Filigree Bangle, 0.89 TCW",4675.0,9350.0,14K Gold,White,"Round Diamond 0.89,",,,,,,,,,,,,,,,,,,,,,,,Bracelets,Women
"Effy Novelty 14K White Gold Diamond Infinity Bracelet, 0.12 TCW",696.5,995.0,14K Gold,White,Round Diamond 0.12,"Adjustable 6.5"" to 7.5""",,,,,,,,,,,,,,,,,,,,,,Bracelets,Women
"Effy Novelty 14K White Gold Diamond Heart Bracelet, 0.10 TCW",665.0,950.0,14K Gold,White,Round Diamond 0.1,"Adjustable 6.5"" to 7.5""",,,,,,,,,,,,,,,,,,,,,,Bracelets,Women
Effy 925 Sterling Silver and 18K Gold Diamond Bangle,1247.5,2495.0,Sterling Silver & 18K Gold,Yellow,"Round Diamond 0.34,",,,,,,,,,,,,,,,,,,,,,,,Bracelets,Women
"Effy 14K Yellow Gold Cultured Fresh Water Pearl 7"" Bracelet",136.5,195.0,14K Gold,Yellow,"Pearl,",,,,,,,,,,,,,,,,,,,,,,,Bracelets,Women
"Effy Novelty 14K White Gold Diamond Cross Bracelet, 0.09",626.5,895.0,14K Gold,White,Round Diamond 0.09,,,,,,,,,,,,,,,,,,,,,"6.25"" to 7.5""",,Bracelets,Women
Effy 925 Sterling Silver and 18K Gold Bangle,626.5,895.0,Sterling Silver & 18K Gold,Yellow,,,,,,,,,,,,,,,,,,,,,,,,Bracelets,Women
"Effy 925 Sterling Silver Cultured Pearl and Diamond Bangle, 0.01 TCW",945.0,1350.0,Sterling Silver,N/A,"Round Pearl, Round Diamond 0.01,Hinged Closure",,,,,,,,,,,,,,,,,,,,,,,Bracelets,Women
"Effy Novelty White Gold Black & White Diamond Evil Eye Bracelet, 0.43 TCW",1396.5,1995.0,14K Gold,White,"Round Diamond 0.43,Adjustable black string band",,,,,,,,,,,,,,,,,,,,,,,Bracelets,Women
"Effy 925 Sterling Silver and 18K Yellow Gold Diamond Bracelet, 0.14 TCW",945.0,1350.0,Sterling Silver & 18K Gold,Yellow,Round Diamond 0.14,"7.5""",,,,,,,,,,,,,,,,,,,,,,Bracelets,Women
"Effy Novelty 14K Yellow Gold Diamond Bracelet, 0.09 TCW",906.5,1295.0,14K Gold,Yellow,Round Diamond 0.09,,,"6.5"" to 7.5""",,,,,,,,,,,,,,,,,,,,Bracelets,Women
"Effy Watercolors 14K White Gold Multi Sapphire & Diamond Bracelet, 9.16 TCW",7136.5,10195.0,14K Gold,White,"Square Multi Sapphire 8.25, Round Diamond 0.91","7""",,,,,,,,,,,,,,,,,,,,,,Bracelets,Women
"Effy Gemma 14K Yellow Gold Natural Ruby and Diamond Bangle, 3.60 TCW",4896.5,6995.0,14K Gold,Yellow,"Square Ruby 3.14, Round Diamond 0.46,Size 7",,,,,,,,,,,,,,,,,,,,,,,Bracelets,Women
"Effy Trio 14K Tri-Color Gold Diamond Bangle, 1.03 TCW",5355.0,7650.0,14K Gold,Three Tone,"Round Diamond 1.03,",,,,,,,,,,,,,,,,,,,,,,,Bracelets,Women
"Effy Watercolors 14K White Gold Multi Sapphire & Diamond Bangle, 3.60 TCW",4196.5,5995.0,14K Gold,White,"Round Diamond 0.46, Square Multi Sapphire 3.14,",,,,,,,,,,,,,,,,,,,,,,,Bracelets,Women
"Effy Seaside 14K White Gold Sapphire & Diamond Starfish Bangle, 8.25 TCW",5876.5,8395.0,14K Gold,White,"Multi Shape Blue Sapphire 7.8, Round Diamond 0.25,",,,,,,,,,,,,,,,,,,,,,,,Bracelets,Women
"Effy 925 Sterling Silver & 18K Gold Topaz and Amethyst Bangle, 3.32 TCW",696.5,995.0,Sterling Silver & 18K Gold,Yellow,"Oval Amethyst, Pear Blue Topaz ,",,,,,,,,,,,,,,,,,,,,,,,Bracelets,Women
"Effy 14K White Gold Black and White Diamond Bangle, 2.13 TCW",5316.5,7595.0,14K Gold,White,"Round Diamond 2.13, Round Black Diamond ,",,,,,,,,,,,,,,,,,,,,,,,Bracelets,Women
"Effy Bella Bleu 14K White Gold Blue and White Diamond Bangle, 2.13 TCW",6296.5,8995.0,14K Gold,White,"Round Diamond, Round Blue Diamond ,",,,,,,,,,,,,,,,,,,,,,,,Bracelets,Women
"Effy 925 Sterling Silver and Diamond Bracelet, .04 TCW",486.5,695.0,Sterling Silver,N/A,"Round Diamond 0.04,",,,,,,,,,,,,,,,,,,,,,,,Bracelets,Women
"Effy 925 Sterling Silver and Diamond Bracelet, .15 TCW",805.0,1150.0,Sterling Silver,N/A,"Round Diamond 0.15,",,,,,,,,,,,,,,,,,,,,,,,Bracelets,Women
"Effy 14K White Gold Black and White Diamond Bangle, 4.47 TCW",9796.5,13995.0,14K Gold,White,"Black Diamond,",,,,,,,,,,,,,,,,,,,,,,,Bracelets,Women
"Watercolors Sapphire and Diamond Bracelet, 9.16 TCW",7136.5,10195.0,14K Gold,Yellow,"Round Diamond 0.91, Princess Sapphire 8.25,",,,,,,,,,,,,,,,,,,,,,,,Bracelets,Women
"Effy 925 Sterling Silver & 18K Yellow Gold Diamond Bracelet, 0.35 TCW",1536.5,2195.0,Sterling Silver,N/A,"Round Diamond 0.35,",,,,,,,,,,,,,,,,,,,,,,,Bracelets,Women
"Effy D'Oro 14K Yellow Textured Gold Diamond Bangle, 0.56 TCW",6296.5,8995.0,14K Gold,Yellow,"Round Diamond 0.5,",,,,,,,,,,,,,,,,,,,,,,,Bracelets,Women
"Pave Classica Diamond Bangle Bracelet, 3.15 TCW",9796.5,13995.0,14K Gold,White,,,,,,,,,,,,,,,,,,,,,,,,Bracelets,Women
"Effy Classique 14K White Gold Diamond Bracelet, 3.56 TCW",9096.5,12995.0,14K Gold,White,"Round Diamond 0.5, Baguette Diamond 3.06,",,,,,,,,,,,,,,,,,,,,,,,Bracelets,Women
"Effy 925 Sterling Silver Blue and White Sapphire Splash Bangle, 9.93 TCW",1606.5,2295.0,Sterling Silver,N/A,"Sapphire 9.9,",,,,,,,,,,,,,,,,,,,,,,,Bracelets,Women
"Effy 925 Sterling Silver & 18K Gold Accent Multi Gemstone Bangle, 1.59 TCW",906.5,1295.0,Sterling Silver & 18K Gold,Yellow,"Multi Shape Multi Color 1.59,",,,,,,,,,,,,,,,,,,,,,,,Bracelets,Women
"Effy Sterling Silver & 18K Gold Accented Diamond Maltese Cross Bangle, 0.60 TCW",2347.5,4695.0,Sterling Silver,N/A,"Diamond 0.6,",,,,,,,,,,,,,,,,,,,,,,,Bracelets,Women
"Effy Watercolors 14K Yellow Gold Multi Sapphire & Diamond Bangle, 7.89 TCW",5600.0,8000.0,14K Gold,Yellow,"Multi Shape Sapphire 7.64, Round Diamond 0.25,",,,,,,,,,,,,,,,,,,,,,,,Bracelets,Women
"Effy Watercolors 14K White Gold Multi Sapphire & Diamond Bangle, 7.89 TCW",5600.0,8000.0,14K Gold,White,"Round Diamond 0.25, Multi Shape Multi Sapphire 7.64,",,,,,,,,,,,,,,,,,,,,,,,Bracelets,Women
"Effy 925 Lagoon Sterling Silver Blue Topaz Bangle, 10.64 TCW",892.5,1785.0,Sterling Silver,N/A,Blue Topaz 10.64,,,,,,,,,,,,,,,,,,,,,,,Bracelets,Women
